anyaca,quadri,codgrup,codass,dia,h_i,h_f,tpla,setmana,ordre,id,sigles_ud,nom,grau,codaul
2021,1,E70,340221,1,17:00,19:00,T,,,560627,VEEH-E7P09,VEHICLES ELÈCTRICS I HÍBRIDS,E,VGA213
2021,1,E70,340221,5,15:00,17:00,T,2,,560305,VEEH-E7P09,VEHICLES ELÈCTRICS I HÍBRIDS,E,VGA213
2021,1,E7011,340221,5,15:00,17:00,L,1,,560633,VEEH-E7P09,VEHICLES ELÈCTRICS I HÍBRIDS,E,VGA213
2021,1,K70,340221,1,17:00,19:00,T,,,560377,VEEH-E7P09,VEHICLES ELÈCTRICS I HÍBRIDS,K,VGA213
2021,1,K70,340221,5,15:00,17:00,T,2,,560378,VEEH-E7P09,VEHICLES ELÈCTRICS I HÍBRIDS,K,VGA213
2021,1,K7011,340221,5,15:00,17:00,L,1,,560379,VEEH-E7P09,VEHICLES ELÈCTRICS I HÍBRIDS,K,VGA213
2021,1,M70,340666,1,10:30,12:30,T,1,,560646,TMAO,TEORIA DE MAQUINES ASSISTIDA PER ORDINADOR,M,VGA027
2021,1,M70,340666,1,8:30,10:30,T,,,560643,TMAO,TEORIA DE MAQUINES ASSISTIDA PER ORDINADOR,M,VGA116
2021,1,M7011,340666,1,10:30,12:30,L,2,,560644,TMAO,TEORIA DE MAQUINES ASSISTIDA PER ORDINADOR,M,VGA116
2021,1,M70,340203,2,17:00,19:00,T,,,560301,TESA-M7P37,TÈCNIQUES EXPERIMENTALS I DE SIMULACIÓ D'ANÀLISI DE TENSIONS,M,VGA027
2021,1,M7011,340203,2,19:00,21:00,L,,,560090,TESA-M7P37,TÈCNIQUES EXPERIMENTALS I DE SIMULACIÓ D'ANÀLISI DE TENSIONS,M,VGA027
2021,1,M50,340050,2,10:30,12:30,T,,,563764,TEMA-M5O12,TEORIA DE MÀQUINES,M,VGA209
2021,1,M50,340050,3,12:30,14:30,T,1,1,560051,TEMA-M5O12,TEORIA DE MÀQUINES,M,VGB001
2021,1,M50,340050,3,12:30,14:30,T,2,,560050,TEMA-M5O12,TEORIA DE MÀQUINES,M,VGB001
2021,1,M5011,340050,5,8:30,10:30,L,1,1,560057,TEMA-M5O12,TEORIA DE MÀQUINES,M,VGA024
2021,1,M5012,340050,3,12:30,14:30,L,1,2,560325,TEMA-M5O12,TEORIA DE MÀQUINES,M,VGA024
2021,1,M5021,340050,5,8:30,10:30,L,1,2,560066,TEMA-M5O12,TEORIA DE MÀQUINES,M,VGA024
2021,1,M51,340050,4,17:00,19:00,T,,,560073,TEMA-M5O12,TEORIA DE MÀQUINES,M,VGA214
2021,1,M51,340050,5,15:00,17:00,T,2,2,560072,TEMA-M5O12,TEORIA DE MÀQUINES,M,VGA210
2021,1,M51,340050,5,15:00,17:00,T,1,,560071,TEMA-M5O12,TEORIA DE MÀQUINES,M,VGA210
2021,1,M5111,340050,5,17:00,19:00,L,2,1,560078,TEMA-M5O12,TEORIA DE MÀQUINES,M,VGA024
2021,1,M5112,340050,5,15:00,17:00,L,2,1,560088,TEMA-M5O12,TEORIA DE MÀQUINES,M,VGA024
2021,1,D70,340280,1,8:30,10:30,T,,,560387,TEEE-O7P36,TÈCNIQUES D'ESCRIPTURA PER A L'ENGINYERIA,D,VGA212
2021,1,D70,340280,3,10:30,12:30,T,1,,560410,TEEE-O7P36,TÈCNIQUES D'ESCRIPTURA PER A L'ENGINYERIA,D,VGA207
2021,1,D7011,340280,3,10:30,12:30,L,2,,560653,TEEE-O7P36,TÈCNIQUES D'ESCRIPTURA PER A L'ENGINYERIA,D,VGA207
2021,1,D7012,340280,3,12:30,14:30,L,2,,560631,TEEE-O7P36,TÈCNIQUES D'ESCRIPTURA PER A L'ENGINYERIA,D,VGA207
2021,1,D71,340280,1,17:00,19:00,T,1,,560380,TEEE-O7P36,TÈCNIQUES D'ESCRIPTURA PER A L'ENGINYERIA,D,VGB104
2021,1,D71,340280,2,17:00,19:00,T,,,560467,TEEE-O7P36,TÈCNIQUES D'ESCRIPTURA PER A L'ENGINYERIA,D,VGB104
2021,1,D7111,340280,1,19:00,21:00,L,1,,560751,TEEE-O7P36,TÈCNIQUES D'ESCRIPTURA PER A L'ENGINYERIA,D,VGB104
2021,1,D7112,340280,1,17:00,19:00,L,2,,560284,TEEE-O7P36,TÈCNIQUES D'ESCRIPTURA PER A L'ENGINYERIA,D,VGB104
2021,1,E70,340280,1,8:30,10:30,T,,,560388,TEEE-O7P36,TÈCNIQUES D'ESCRIPTURA PER A L'ENGINYERIA,E,VGA212
2021,1,E70,340280,3,10:30,12:30,T,1,,560411,TEEE-O7P36,TÈCNIQUES D'ESCRIPTURA PER A L'ENGINYERIA,E,VGA207
2021,1,E7011,340280,3,10:30,12:30,L,2,,560654,TEEE-O7P36,TÈCNIQUES D'ESCRIPTURA PER A L'ENGINYERIA,E,VGA207
2021,1,E7012,340280,3,12:30,14:30,L,2,,560635,TEEE-O7P36,TÈCNIQUES D'ESCRIPTURA PER A L'ENGINYERIA,E,VGA207
2021,1,E71,340280,1,17:00,19:00,T,1,,560382,TEEE-O7P36,TÈCNIQUES D'ESCRIPTURA PER A L'ENGINYERIA,E,VGB104
2021,1,E71,340280,2,17:00,19:00,T,,,560321,TEEE-O7P36,TÈCNIQUES D'ESCRIPTURA PER A L'ENGINYERIA,E,VGB104
2021,1,E7111,340280,1,19:00,21:00,L,1,,560657,TEEE-O7P36,TÈCNIQUES D'ESCRIPTURA PER A L'ENGINYERIA,E,VGB104
2021,1,E7112,340280,1,17:00,19:00,L,2,,560289,TEEE-O7P36,TÈCNIQUES D'ESCRIPTURA PER A L'ENGINYERIA,E,VGB104
2021,1,I70,340280,1,8:30,10:30,T,,,560389,TEEE-O7P36,TÈCNIQUES D'ESCRIPTURA PER A L'ENGINYERIA,I,VGA212
2021,1,I70,340280,3,10:30,12:30,T,1,,560412,TEEE-O7P36,TÈCNIQUES D'ESCRIPTURA PER A L'ENGINYERIA,I,VGA207
2021,1,I7011,340280,3,10:30,12:30,L,2,,560655,TEEE-O7P36,TÈCNIQUES D'ESCRIPTURA PER A L'ENGINYERIA,I,VGA207
2021,1,I7012,340280,3,12:30,14:30,L,2,,560600,TEEE-O7P36,TÈCNIQUES D'ESCRIPTURA PER A L'ENGINYERIA,I,VGA207
2021,1,I71,340280,1,17:00,19:00,T,1,,560383,TEEE-O7P36,TÈCNIQUES D'ESCRIPTURA PER A L'ENGINYERIA,I,VGB104
2021,1,I71,340280,2,17:00,19:00,T,,,560323,TEEE-O7P36,TÈCNIQUES D'ESCRIPTURA PER A L'ENGINYERIA,I,VGB104
2021,1,I7111,340280,1,19:00,21:00,L,1,,560602,TEEE-O7P36,TÈCNIQUES D'ESCRIPTURA PER A L'ENGINYERIA,I,VGB104
2021,1,I7112,340280,1,17:00,19:00,L,2,,560418,TEEE-O7P36,TÈCNIQUES D'ESCRIPTURA PER A L'ENGINYERIA,I,VGB104
2021,1,K70,340280,1,8:30,10:30,T,,,560390,TEEE-O7P36,TÈCNIQUES D'ESCRIPTURA PER A L'ENGINYERIA,K,VGA212
2021,1,K70,340280,3,10:30,12:30,T,1,,560413,TEEE-O7P36,TÈCNIQUES D'ESCRIPTURA PER A L'ENGINYERIA,K,VGA207
2021,1,K7011,340280,3,10:30,12:30,L,2,,560656,TEEE-O7P36,TÈCNIQUES D'ESCRIPTURA PER A L'ENGINYERIA,K,VGA207
2021,1,K7012,340280,3,12:30,14:30,L,2,,560601,TEEE-O7P36,TÈCNIQUES D'ESCRIPTURA PER A L'ENGINYERIA,K,VGA207
2021,1,K71,340280,1,17:00,19:00,T,1,,560384,TEEE-O7P36,TÈCNIQUES D'ESCRIPTURA PER A L'ENGINYERIA,K,VGB104
2021,1,K71,340280,2,17:00,19:00,T,,,560324,TEEE-O7P36,TÈCNIQUES D'ESCRIPTURA PER A L'ENGINYERIA,K,VGB104
2021,1,K7111,340280,1,19:00,21:00,L,1,,560603,TEEE-O7P36,TÈCNIQUES D'ESCRIPTURA PER A L'ENGINYERIA,K,VGB104
2021,1,K7112,340280,1,17:00,19:00,L,2,,560288,TEEE-O7P36,TÈCNIQUES D'ESCRIPTURA PER A L'ENGINYERIA,K,VGB104
2021,1,M70,340280,1,8:30,10:30,T,,,560391,TEEE-O7P36,TÈCNIQUES D'ESCRIPTURA PER A L'ENGINYERIA,M,VGA212
2021,1,M70,340280,3,10:30,12:30,T,1,,560414,TEEE-O7P36,TÈCNIQUES D'ESCRIPTURA PER A L'ENGINYERIA,M,VGA207
2021,1,M7011,340280,3,10:30,12:30,L,2,,560684,TEEE-O7P36,TÈCNIQUES D'ESCRIPTURA PER A L'ENGINYERIA,M,VGA207
2021,1,M7012,340280,3,12:30,14:30,L,2,,560279,TEEE-O7P36,TÈCNIQUES D'ESCRIPTURA PER A L'ENGINYERIA,M,VGA207
2021,1,M71,340280,1,17:00,19:00,T,1,,560385,TEEE-O7P36,TÈCNIQUES D'ESCRIPTURA PER A L'ENGINYERIA,M,VGB104
2021,1,M71,340280,2,17:00,19:00,T,,,560376,TEEE-O7P36,TÈCNIQUES D'ESCRIPTURA PER A L'ENGINYERIA,M,VGB104
2021,1,M7111,340280,1,19:00,21:00,L,1,,560416,TEEE-O7P36,TÈCNIQUES D'ESCRIPTURA PER A L'ENGINYERIA,M,VGB104
2021,1,M7112,340280,1,17:00,19:00,L,2,,560417,TEEE-O7P36,TÈCNIQUES D'ESCRIPTURA PER A L'ENGINYERIA,M,VGB104
2021,1,D7011,340281,4,10:30,12:30,L,,,560595,TCAP-O7P36,TÈCNIQUES DE COMUNICACIÓ ACADÈMIQUES I PROFESSIONALS,D,VGB108
2021,1,D7011,340281,5,8:30,10:30,L,,,560596,TCAP-O7P36,TÈCNIQUES DE COMUNICACIÓ ACADÈMIQUES I PROFESSIONALS,D,VGB108
2021,1,D7111,340281,2,15:00,17:00,L,,,560696,TCAP-O7P36,TÈCNIQUES DE COMUNICACIÓ ACADÈMIQUES I PROFESSIONALS,D,VGB108
2021,1,D7111,340281,3,15:00,17:00,L,,,560607,TCAP-O7P36,TÈCNIQUES DE COMUNICACIÓ ACADÈMIQUES I PROFESSIONALS,D,VGB108
2021,1,E7011,340281,4,10:30,12:30,L,,,560637,TCAP-O7P36,TÈCNIQUES DE COMUNICACIÓ ACADÈMIQUES I PROFESSIONALS,E,VGB108
2021,1,E7011,340281,5,8:30,10:30,L,,,560638,TCAP-O7P36,TÈCNIQUES DE COMUNICACIÓ ACADÈMIQUES I PROFESSIONALS,E,VGB108
2021,1,E7111,340281,2,15:00,17:00,L,,,560697,TCAP-O7P36,TÈCNIQUES DE COMUNICACIÓ ACADÈMIQUES I PROFESSIONALS,E,VGB108
2021,1,E7111,340281,3,15:00,17:00,L,,,560639,TCAP-O7P36,TÈCNIQUES DE COMUNICACIÓ ACADÈMIQUES I PROFESSIONALS,E,VGB108
2021,1,I7011,340281,4,10:30,12:30,L,,,560009,TCAP-O7P36,TÈCNIQUES DE COMUNICACIÓ ACADÈMIQUES I PROFESSIONALS,I,VGB108
2021,1,I7011,340281,5,8:30,10:30,L,,,560010,TCAP-O7P36,TÈCNIQUES DE COMUNICACIÓ ACADÈMIQUES I PROFESSIONALS,I,VGB108
2021,1,I7111,340281,2,15:00,17:00,L,,,560698,TCAP-O7P36,TÈCNIQUES DE COMUNICACIÓ ACADÈMIQUES I PROFESSIONALS,I,VGB108
2021,1,I7111,340281,3,15:00,17:00,L,,,560015,TCAP-O7P36,TÈCNIQUES DE COMUNICACIÓ ACADÈMIQUES I PROFESSIONALS,I,VGB108
2021,1,K7011,340281,4,10:30,12:30,L,,,560045,TCAP-O7P36,TÈCNIQUES DE COMUNICACIÓ ACADÈMIQUES I PROFESSIONALS,K,VGB108
2021,1,K7011,340281,5,8:30,10:30,L,,,560046,TCAP-O7P36,TÈCNIQUES DE COMUNICACIÓ ACADÈMIQUES I PROFESSIONALS,K,VGB108
2021,1,K7111,340281,2,15:00,17:00,L,,,560699,TCAP-O7P36,TÈCNIQUES DE COMUNICACIÓ ACADÈMIQUES I PROFESSIONALS,K,VGB108
2021,1,K7111,340281,3,15:00,17:00,L,,,560047,TCAP-O7P36,TÈCNIQUES DE COMUNICACIÓ ACADÈMIQUES I PROFESSIONALS,K,VGB108
2021,1,M7011,340281,4,10:30,12:30,L,,,560100,TCAP-O7P36,TÈCNIQUES DE COMUNICACIÓ ACADÈMIQUES I PROFESSIONALS,M,VGB108
2021,1,M7011,340281,5,8:30,10:30,L,,,560101,TCAP-O7P36,TÈCNIQUES DE COMUNICACIÓ ACADÈMIQUES I PROFESSIONALS,M,VGB108
2021,1,M7111,340281,2,15:00,17:00,L,,,560700,TCAP-O7P36,TÈCNIQUES DE COMUNICACIÓ ACADÈMIQUES I PROFESSIONALS,M,VGB108
2021,1,M7111,340281,3,15:00,17:00,L,,,560114,TCAP-O7P36,TÈCNIQUES DE COMUNICACIÓ ACADÈMIQUES I PROFESSIONALS,M,VGB108
2021,1,D30,340072,5,10:30,12:30,T,,,560513,TAD1-D3O17,TALLER DE DISSENY I,D,VGA042
2021,1,D3011,340072,4,8:30,10:30,L,,,560517,TAD1-D3O17,TALLER DE DISSENY I,D,VGA025
2021,1,D3012,340072,5,8:30,10:30,L,,,560520,TAD1-D3O17,TALLER DE DISSENY I,D,VGA025
2021,1,D3021,340072,4,12:30,14:30,L,,,560523,TAD1-D3O17,TALLER DE DISSENY I,D,VGA025
2021,1,D3022,340072,5,12:30,14:30,L,,,560526,TAD1-D3O17,TALLER DE DISSENY I,D,VGA025
2021,1,D31,340072,5,17:00,19:00,T,,,560528,TAD1-D3O17,TALLER DE DISSENY I,D,VGA214
2021,1,D3111,340072,4,17:00,19:00,L,,,560533,TAD1-D3O17,TALLER DE DISSENY I,D,VGA025
2021,1,I50,340383,1,12:30,14:30,T,1,,559997,SODX-I5O01,SISTEMES OPERATIUS DISTRIBUÏTS I EN XARXA,I,VGA211
2021,1,I50,340383,3,10:30,12:30,T,,,559998,SODX-I5O01,SISTEMES OPERATIUS DISTRIBUÏTS I EN XARXA,I,VGA212
2021,1,I5011,340383,1,10:30,12:30,L,2,,560003,SODX-I5O01,SISTEMES OPERATIUS DISTRIBUÏTS I EN XARXA,I,VGA105
2021,1,I5012,340383,1,12:30,14:30,L,2,,560462,SODX-I5O01,SISTEMES OPERATIUS DISTRIBUÏTS I EN XARXA,I,VGA123
2021,1,N10,340003,2,8:30,10:30,T,1,,563531,SOAC-O1O40,SOSTENIBILITAT I ACCESSIBILITAT,N,VGB001
2021,1,N10,340003,3,10:30,12:30,T,,,563534,SOAC-O1O40,SOSTENIBILITAT I ACCESSIBILITAT,N,VGB001
2021,1,N1011,340003,3,8:30,10:30,L,1,,563617,SOAC-O1O40,SOSTENIBILITAT I ACCESSIBILITAT,N,VGB110
2021,1,N1012,340003,3,8:30,10:30,L,2,,563622,SOAC-O1O40,SOSTENIBILITAT I ACCESSIBILITAT,N,VGB110
2021,1,N1021,340003,2,8:30,10:30,L,2,,563625,SOAC-O1O40,SOSTENIBILITAT I ACCESSIBILITAT,N,VGB109
2021,1,N11,340003,2,8:30,10:30,T,,,563533,SOAC-O1O40,SOSTENIBILITAT I ACCESSIBILITAT,N,VGB007
2021,1,N11,340003,3,12:30,14:30,T,2,,563629,SOAC-O1O40,SOSTENIBILITAT I ACCESSIBILITAT,N,VGB007
2021,1,N1111,340003,3,8:30,10:30,L,1,,563603,SOAC-O1O40,SOSTENIBILITAT I ACCESSIBILITAT,N,VGB007
2021,1,N1112,340003,3,8:30,10:30,L,2,,563532,SOAC-O1O40,SOSTENIBILITAT I ACCESSIBILITAT,N,VGB007
2021,1,N1121,340003,2,12:30,14:30,L,1,,563641,SOAC-O1O40,SOSTENIBILITAT I ACCESSIBILITAT,N,VGB007
2021,1,N12,340003,3,12:30,14:30,T,1,,563644,SOAC-O1O40,SOSTENIBILITAT I ACCESSIBILITAT,N,VGB003
2021,1,N12,340003,4,8:30,10:30,T,,,563645,SOAC-O1O40,SOSTENIBILITAT I ACCESSIBILITAT,N,VGB003
2021,1,N1211,340003,4,10:30,12:30,L,1,,563653,SOAC-O1O40,SOSTENIBILITAT I ACCESSIBILITAT,N,VGB109
2021,1,N1212,340003,4,10:30,12:30,L,2,,563523,SOAC-O1O40,SOSTENIBILITAT I ACCESSIBILITAT,N,VGB109
2021,1,N1221,340003,2,12:30,14:30,L,2,,563660,SOAC-O1O40,SOSTENIBILITAT I ACCESSIBILITAT,N,VGB109
2021,1,N13,340003,4,17:00,19:00,T,1,,563536,SOAC-O1O40,SOSTENIBILITAT I ACCESSIBILITAT,N,VGB001
2021,1,N13,340003,1,17:00,19:00,T,,,563544,SOAC-O1O40,SOSTENIBILITAT I ACCESSIBILITAT,N,VGB008
2021,1,N1311,340003,4,19:00,21:00,L,1,,563535,SOAC-O1O40,SOSTENIBILITAT I ACCESSIBILITAT,N,VGB008
2021,1,N1312,340003,4,19:00,21:00,L,2,,563605,SOAC-O1O40,SOSTENIBILITAT I ACCESSIBILITAT,N,VGB008
2021,1,N1321,340003,3,19:00,21:00,L,2,,563678,SOAC-O1O40,SOSTENIBILITAT I ACCESSIBILITAT,N,VGB008
2021,1,N14,340003,4,17:00,19:00,T,1,,563738,SOAC-O1O40,SOSTENIBILITAT I ACCESSIBILITAT,N,VGB008
2021,1,N14,340003,3,17:00,19:00,T,,,563737,SOAC-O1O40,SOSTENIBILITAT I ACCESSIBILITAT,N,VGB005
2021,1,N1411,340003,3,19:00,21:00,L,1,,563739,SOAC-O1O40,SOSTENIBILITAT I ACCESSIBILITAT,N,VGB008
2021,1,N1412,340003,1,19:00,21:00,L,2,,563740,SOAC-O1O40,SOSTENIBILITAT I ACCESSIBILITAT,N,VGB001
2021,1,K70,340240,4,15:00,17:00,T,,,560037,SIPI-K7P07,SISTEMES DE PRODUCCIÓ INTEGRATS,K,VGA213
2021,1,K7011,340240,4,17:00,19:00,L,,,560040,SIPI-K7P07,SISTEMES DE PRODUCCIÓ INTEGRATS,K,VGA104
2021,1,I30,340377,4,10:30,12:30,T,,,559982,SIOP-I4O01,SISTEMES OPERATIUS,I,VGB101
2021,1,I30,340377,2,12:30,14:30,T,1,,559981,SIOP-I4O01,SISTEMES OPERATIUS,I,VGB101
2021,1,I3011,340377,2,8:30,10:30,L,2,,559987,SIOP-I4O01,SISTEMES OPERATIUS,I,VGA123
2021,1,I3012,340377,2,8:30,10:30,L,1,,559992,SIOP-I4O01,SISTEMES OPERATIUS,I,VGA123
2021,1,I3021,340377,1,8:30,10:30,L,2,,560115,SIOP-I4O01,SISTEMES OPERATIUS,I,VGA109
2021,1,K70,340245,1,15:00,17:00,T,,,560039,SIIN-K7P10,SISTEMES D'INSTRUMENTACIÓ,K,VGA115
2021,1,K7011,340245,1,17:00,19:00,L,,,560044,SIIN-K7P10,SISTEMES D'INSTRUMENTACIÓ,K,VGA115
2021,1,E70,340674,1,15:00,17:00,T,2,,560306,SIGB,SISTEMES DE GESTIÓ DE BATERIES,E,VGA213
2021,1,E70,340674,4,15:00,17:00,T,,,560629,SIGB,SISTEMES DE GESTIÓ DE BATERIES,E,VGA211
2021,1,E7011,340674,1,15:00,17:00,L,1,,560634,SIGB,SISTEMES DE GESTIÓ DE BATERIES,E,VGA213
2021,1,K70,340674,1,15:00,17:00,T,2,,560430,SIGB,SISTEMES DE GESTIÓ DE BATERIES,K,VGA213
2021,1,K70,340674,4,15:00,17:00,T,,,560381,SIGB,SISTEMES DE GESTIÓ DE BATERIES,K,VGA211
2021,1,K7011,340674,1,15:00,17:00,L,1,,560386,SIGB,SISTEMES DE GESTIÓ DE BATERIES,K,VGA213
2021,1,N30,340030,1,10:30,12:30,T,,,560221,SIEL-N9O09,SISTEMES ELÈCTRICS,N,VGB008
2021,1,N30,340030,3,10:30,12:30,T,1,,560222,SIEL-N9O09,SISTEMES ELÈCTRICS,N,VGB008
2021,1,N3011,340030,3,12:30,14:30,L,2,,560229,SIEL-N9O09,SISTEMES ELÈCTRICS,N,VGA017
2021,1,N3012,340030,5,10:30,12:30,L,2,,560233,SIEL-N9O09,SISTEMES ELÈCTRICS,N,VGA017
2021,1,N3021,340030,5,10:30,12:30,L,1,,560237,SIEL-N9O09,SISTEMES ELÈCTRICS,N,VGA017
2021,1,N3022,340030,1,12:30,14:30,L,2,,560251,SIEL-N9O09,SISTEMES ELÈCTRICS,N,VGA017
2021,1,N3023,340030,1,12:30,14:30,L,1,,560249,SIEL-N9O09,SISTEMES ELÈCTRICS,N,VGA017
2021,1,N32,340030,1,19:00,21:00,T,2,,560258,SIEL-N9O09,SISTEMES ELÈCTRICS,N,VGA214
2021,1,N32,340030,2,19:00,21:00,T,,,560259,SIEL-N9O09,SISTEMES ELÈCTRICS,N,VGA211
2021,1,N3211,340030,5,15:00,17:00,L,2,,560270,SIEL-N9O09,SISTEMES ELÈCTRICS,N,VGA017
2021,1,N3212,340030,5,17:00,19:00,L,2,,560738,SIEL-N9O09,SISTEMES ELÈCTRICS,N,VGA017
2021,1,N3213,340030,3,17:00,19:00,L,1,,563724,SIEL-N9O09,SISTEMES ELÈCTRICS,N,VGA017
2021,1,N3221,340030,3,15:00,17:00,L,2,,560266,SIEL-N9O09,SISTEMES ELÈCTRICS,N,VGA017
2021,1,N3222,340030,3,17:00,19:00,L,2,,563725,SIEL-N9O09,SISTEMES ELÈCTRICS,N,VGA017
2021,1,K50,340126,1,15:00,17:00,T,,,560019,SIDI-K5O10,SISTEMES DIGITALS,K,VGB003
2021,1,K5011,340126,3,15:00,17:00,L,,,560027,SIDI-K5O10,SISTEMES DIGITALS,K,VGA115
2021,1,K5012,340126,5,15:00,17:00,L,,,560743,SIDI-K5O10,SISTEMES DIGITALS,K,VGA115
2021,1,K5021,340126,2,17:00,19:00,L,,,560661,SIDI-K5O10,SISTEMES DIGITALS,K,VGA115
2021,1,D50,340098,3,12:30,14:30,T,2,,560542,SEDI-D5O10,SISTEMES ELECTRÒNICS PEL DISSENY,D,VGB104
2021,1,D50,340098,5,10:30,12:30,T,,,560543,SEDI-D5O10,SISTEMES ELECTRÒNICS PEL DISSENY,D,VGB005
2021,1,D5011,340098,2,12:30,14:30,L,1,,560549,SEDI-D5O10,SISTEMES ELECTRÒNICS PEL DISSENY,D,VGA116
2021,1,D5012,340098,2,8:30,10:30,L,1,,560555,SEDI-D5O10,SISTEMES ELECTRÒNICS PEL DISSENY,D,VGA116
2021,1,D5021,340098,2,10:30,12:30,L,2,,560561,SEDI-D5O10,SISTEMES ELECTRÒNICS PEL DISSENY,D,VGA116
2021,1,D5022,340098,5,8:30,10:30,L,2,,560361,SEDI-D5O10,SISTEMES ELECTRÒNICS PEL DISSENY,D,VGA116
2021,1,D51,340098,2,19:00,21:00,T,1,,560571,SEDI-D5O10,SISTEMES ELECTRÒNICS PEL DISSENY,D,VGB101
2021,1,D51,340098,2,15:00,17:00,T,,,560570,SEDI-D5O10,SISTEMES ELECTRÒNICS PEL DISSENY,D,VGB101
2021,1,D5111,340098,5,15:00,17:00,L,1,,560577,SEDI-D5O10,SISTEMES ELECTRÒNICS PEL DISSENY,D,VGA116
2021,1,D5112,340098,4,15:00,17:00,L,2,,560582,SEDI-D5O10,SISTEMES ELECTRÒNICS PEL DISSENY,D,VGA116
2021,1,D5121,340098,1,15:00,17:00,L,2,,560459,SEDI-D5O10,SISTEMES ELECTRÒNICS PEL DISSENY,D,VGA116
2021,1,K70,340242,5,15:00,17:00,T,,,560041,SDIN-K7P07,SISTEMES DISTRIBUÏTS INDUSTRIALS,K,VGA108
2021,1,K7011,340242,5,17:00,19:00,L,,,560042,SDIN-K7P07,SISTEMES DISTRIBUÏTS INDUSTRIALS,K,VGA108
2021,1,M50,340051,1,8:30,10:30,T,2,,560052,RMA2-M5O37,RESISTÈNCIA DELS MATERIALS II,M,VGB101
2021,1,M50,340051,4,10:30,12:30,T,,,560053,RMA2-M5O37,RESISTÈNCIA DELS MATERIALS II,M,VGB008
2021,1,M5011,340051,5,12:30,14:30,L,1,,560058,RMA2-M5O37,RESISTÈNCIA DELS MATERIALS II,M,VGA027
2021,1,M5012,340051,1,10:30,12:30,L,2,,560741,RMA2-M5O37,RESISTÈNCIA DELS MATERIALS II,M,VGA027
2021,1,M51,340051,1,19:00,21:00,T,2,,560070,RMA2-M5O37,RESISTÈNCIA DELS MATERIALS II,M,VGA212
2021,1,M51,340051,3,17:00,19:00,T,,,560074,RMA2-M5O37,RESISTÈNCIA DELS MATERIALS II,M,VGA214
2021,1,M5111,340051,3,19:00,21:00,L,2,,560786,RMA2-M5O37,RESISTÈNCIA DELS MATERIALS II,M,VGA027
2021,1,M5112,340051,1,17:00,19:00,L,2,,560322,RMA2-M5O37,RESISTÈNCIA DELS MATERIALS II,M,VGA027
2021,1,I70,340455,3,10:30,12:30,T,,,560012,REIN-I7P23,RECUPERACIÓ DE LA INFORMACIÓ,I,VGA213
2021,1,I7011,340455,3,12:30,14:30,L,,,560006,REIN-I7P23,RECUPERACIÓ DE LA INFORMACIÓ,I,VGB111
2021,1,K50,340129,5,17:00,19:00,T,,,560020,REAU-K5O07,REGULACIÓ AUTOMÀTICA,K,VGB003
2021,1,K5011,340129,4,17:00,19:00,L,,,560333,REAU-K5O07,REGULACIÓ AUTOMÀTICA,K,VGA209
2021,1,K5012,340129,1,17:00,19:00,L,,,560744,REAU-K5O07,REGULACIÓ AUTOMÀTICA,K,VGA109
2021,1,K5021,340129,5,15:00,17:00,L,,,560492,REAU-K5O07,REGULACIÓ AUTOMÀTICA,K,VGA209
2021,1,E50,340104,3,15:00,17:00,T,,,560613,REAU-E5O07,REGULACIÓ AUTOMÀTICA,E,VGA211
2021,1,E5011,340104,2,17:00,19:00,L,,,560619,REAU-E5O07,REGULACIÓ AUTOMÀTICA,E,VGA108
2021,1,E5012,340104,2,19:00,21:00,L,,,560623,REAU-E5O07,REGULACIÓ AUTOMÀTICA,E,VGA108
2021,1,N10,340022,1,10:30,12:30,T,,,563613,QUIM-N1O13,QUÍMICA,N,VGB001
2021,1,N1011,340022,3,12:30,14:30,L,,,563620,QUIM-N1O13,QUÍMICA,N,VGB108
2021,1,N1012,340022,1,8:30,10:30,L,,,563540,QUIM-N1O13,QUÍMICA,N,VGA213
2021,1,N1021,340022,2,12:30,14:30,L,,,563627,QUIM-N1O13,QUÍMICA,N,VGB107
2021,1,N11,340022,5,8:30,10:30,T,,,563633,QUIM-N1O13,QUÍMICA,N,VGB001
2021,1,N1111,340022,2,10:30,12:30,L,,,563539,QUIM-N1O13,QUÍMICA,N,VGA040
2021,1,N1112,340022,5,10:30,12:30,L,,,563529,QUIM-N1O13,QUÍMICA,N,VGA207
2021,1,N1121,340022,5,12:30,14:30,L,,,563530,QUIM-N1O13,QUÍMICA,N,VGA207
2021,1,N1122,340022,3,8:30,10:30,L,,,563684,QUIM-N1O13,QUÍMICA,N,VGA040
2021,1,N12,340022,3,8:30,10:30,T,,,563649,QUIM-N1O13,QUÍMICA,N,VGB003
2021,1,N1211,340022,5,8:30,10:30,L,,,563656,QUIM-N1O13,QUÍMICA,N,VGB109
2021,1,N1212,340022,2,8:30,10:30,L,,,563542,QUIM-N1O13,QUÍMICA,N,VGA040
2021,1,N1221,340022,1,12:30,14:30,L,,,563541,QUIM-N1O13,QUÍMICA,N,VGA040
2021,1,N1222,340022,4,10:30,12:30,L,,,563604,QUIM-N1O13,QUÍMICA,N,VGA040
2021,1,N13,340022,2,17:00,19:00,T,,,563546,QUIM-N1O13,QUÍMICA,N,VGB008
2021,1,N1311,340022,3,17:00,19:00,L,,,563669,QUIM-N1O13,QUÍMICA,N,VGB008
2021,1,N1312,340022,1,15:00,17:00,L,,,563673,QUIM-N1O13,QUÍMICA,N,VGA040
2021,1,N1321,340022,2,15:00,17:00,L,,,563607,QUIM-N1O13,QUÍMICA,N,VGA040
2021,1,N1322,340022,3,15:00,17:00,L,,,563729,QUIM-N1O13,QUÍMICA,N,VGA040
2021,1,N14,340022,1,15:00,17:00,T,,,563746,QUIM-N1O13,QUÍMICA,N,VGB005
2021,1,N1411,340022,1,19:00,21:00,L,,,563748,QUIM-N1O13,QUÍMICA,N,VGA040
2021,1,N1412,340022,3,19:00,21:00,L,,,563750,QUIM-N1O13,QUÍMICA,N,VGA040
2021,1,I50,340380,5,10:30,12:30,T,,,560392,PROP-I4O23,PROJECTE DE PROGRAMACIÓ,I,VGB101
2021,1,I5011,340380,2,10:30,12:30,L,,,560641,PROP-I4O23,PROJECTE DE PROGRAMACIÓ,I,VGA109
2021,1,I5012,340380,5,8:30,10:30,L,,,560393,PROP-I4O23,PROJECTE DE PROGRAMACIÓ,I,VGA123
2021,1,I20,340371,3,15:00,17:00,T,,,560768,PRO1-I2O23,PROGRAMACIÓ I,I,VGA214
2021,1,I2011,340371,1,15:00,17:00,L,,,559972,PRO1-I2O23,PROGRAMACIÓ I,I,VGA108
2021,1,I2011,340371,1,17:00,18:00,L,,,559971,PRO1-I2O23,PROGRAMACIÓ I,I,VGA108
2021,1,I2012,340371,1,18:00,19:00,L,,,560493,PRO1-I2O23,PROGRAMACIÓ I,I,VGA108
2021,1,I2012,340371,1,19:00,21:00,L,,,560021,PRO1-I2O23,PROGRAMACIÓ I,I,VGA108
2021,1,D50,340095,1,12:30,14:30,T,,,560540,PRFA-D5O02,PROCESSOS DE FABRICACIÓ,D,VGB003
2021,1,D50,340095,5,8:30,10:30,T,1,,560541,PRFA-D5O02,PROCESSOS DE FABRICACIÓ,D,VGB003
2021,1,D5011,340095,2,8:30,10:30,L,1,,560548,PRFA-D5O02,PROCESSOS DE FABRICACIÓ,D,VGA028
2021,1,D5012,340095,2,8:30,10:30,L,2,,560554,PRFA-D5O02,PROCESSOS DE FABRICACIÓ,D,VGA028
2021,1,D5021,340095,2,10:30,12:30,L,1,,560560,PRFA-D5O02,PROCESSOS DE FABRICACIÓ,D,VGA028
2021,1,D5022,340095,2,10:30,12:30,L,2,,560563,PRFA-D5O02,PROCESSOS DE FABRICACIÓ,D,VGA028
2021,1,D51,340095,3,17:00,19:00,T,,,560569,PRFA-D5O02,PROCESSOS DE FABRICACIÓ,D,VGA207
2021,1,D51,340095,5,15:00,17:00,T,2,,560568,PRFA-D5O02,PROCESSOS DE FABRICACIÓ,D,VGA214
2021,1,D5111,340095,2,17:00,19:00,L,2,,560576,PRFA-D5O02,PROCESSOS DE FABRICACIÓ,D,VGA028
2021,1,D5112,340095,2,17:00,19:00,L,1,,560581,PRFA-D5O02,PROCESSOS DE FABRICACIÓ,D,VGA028
2021,1,D5121,340095,5,15:00,17:00,L,1,,560495,PRFA-D5O02,PROCESSOS DE FABRICACIÓ,D,VGA020
2021,1,E70,340456,4,8:30,10:30,T,,,560356,PMUD-I7P23,PROGRAMACIÓ MULTIPLATAFORMA I DISTRIBUÏDA,E,VGA213
2021,1,E7011,340456,4,10:30,12:30,L,,,560440,PMUD-I7P23,PROGRAMACIÓ MULTIPLATAFORMA I DISTRIBUÏDA,E,VGA213
2021,1,I70,340456,4,8:30,10:30,T,,,560007,PMUD-I7P23,PROGRAMACIÓ MULTIPLATAFORMA I DISTRIBUÏDA,I,VGA213
2021,1,I7011,340456,4,10:30,12:30,L,,,560013,PMUD-I7P23,PROGRAMACIÓ MULTIPLATAFORMA I DISTRIBUÏDA,I,VGA213
2021,1,K70,340456,4,8:30,10:30,T,,,560357,PMUD-I7P23,PROGRAMACIÓ MULTIPLATAFORMA I DISTRIBUÏDA,K,VGA213
2021,1,K7011,340456,4,10:30,12:30,L,,,560438,PMUD-I7P23,PROGRAMACIÓ MULTIPLATAFORMA I DISTRIBUÏDA,K,VGA213
2021,1,M70,340456,4,8:30,10:30,T,,,560358,PMUD-I7P23,PROGRAMACIÓ MULTIPLATAFORMA I DISTRIBUÏDA,M,VGA213
2021,1,M7011,340456,4,10:30,12:30,L,,,560439,PMUD-I7P23,PROGRAMACIÓ MULTIPLATAFORMA I DISTRIBUÏDA,M,VGA213
2021,1,I50,340384,2,8:30,10:30,T,,,559999,PACO-I5O01,PARAL·LELISME I CONCURRÈNCIA,I,VGB101
2021,1,I5011,340384,3,8:30,10:30,L,,,560315,PACO-I5O01,PARAL·LELISME I CONCURRÈNCIA,I,VGA109
2021,1,I5012,340384,3,12:30,14:30,L,,,560461,PACO-I5O01,PARAL·LELISME I CONCURRÈNCIA,I,VGA209
2021,1,E50,340036,2,15:00,17:00,T,,,560609,ORPR-F5O32,ORGANITZACIÓ DE LA PRODUCCIÓ,E,VGB001
2021,1,E5011,340036,1,17:00,19:00,L,,,560625,ORPR-F5O32,ORGANITZACIÓ DE LA PRODUCCIÓ,E,VGA214
2021,1,E5012,340036,2,17:00,19:00,L,,,560621,ORPR-F5O32,ORGANITZACIÓ DE LA PRODUCCIÓ,E,VGB001
2021,1,K50,340036,2,15:00,17:00,T,,,560016,ORPR-F5O32,ORGANITZACIÓ DE LA PRODUCCIÓ,K,VGB001
2021,1,K5011,340036,1,17:00,19:00,L,,,560036,ORPR-F5O32,ORGANITZACIÓ DE LA PRODUCCIÓ,K,VGA214
2021,1,K5012,340036,2,17:00,19:00,L,,,560029,ORPR-F5O32,ORGANITZACIÓ DE LA PRODUCCIÓ,K,VGB001
2021,1,M50,340036,5,10:30,12:30,T,,,560048,ORPR-F5O32,ORGANITZACIÓ DE LA PRODUCCIÓ,M,VGB003
2021,1,M5011,340036,4,8:30,10:30,L,,,560056,ORPR-F5O32,ORGANITZACIÓ DE LA PRODUCCIÓ,M,VGA209
2021,1,M5012,340036,2,12:30,14:30,L,,,560062,ORPR-F5O32,ORGANITZACIÓ DE LA PRODUCCIÓ,M,VGA212
2021,1,M5021,340036,2,8:30,10:30,L,,,560312,ORPR-F5O32,ORGANITZACIÓ DE LA PRODUCCIÓ,M,VGA209
2021,1,M51,340036,2,15:00,17:00,T,,,560069,ORPR-F5O32,ORGANITZACIÓ DE LA PRODUCCIÓ,M,VGB001
2021,1,M5111,340036,1,17:00,19:00,L,,,560087,ORPR-F5O32,ORGANITZACIÓ DE LA PRODUCCIÓ,M,VGA214
2021,1,M5112,340036,2,17:00,19:00,L,,,560082,ORPR-F5O32,ORGANITZACIÓ DE LA PRODUCCIÓ,M,VGB001
2021,1,M70,340667,1,12:30,14:30,T,,,560647,OPCM,OPERACIÓ I PROGRAMACIÓ DE CENTRES DE MECANITZAT,M,VGA209
2021,1,M70,340667,3,12:30,14:30,T,1,,560648,OPCM,OPERACIÓ I PROGRAMACIÓ DE CENTRES DE MECANITZAT,M,VGA210
2021,1,M7011,340667,5,8:30,10:30,L,1,,560649,OPCM,OPERACIÓ I PROGRAMACIÓ DE CENTRES DE MECANITZAT,M,VGA027
2021,1,E70,340673,3,15:00,17:00,T,,,560394,MMEL,MOTORS I MOBILITAT ELÈCTRICA,E,VGA213
2021,1,E70,340673,5,17:00,19:00,T,2,,560395,MMEL,MOTORS I MOBILITAT ELÈCTRICA,E,VGA213
2021,1,E7011,340673,5,17:00,19:00,L,1,,560427,MMEL,MOTORS I MOBILITAT ELÈCTRICA,E,VGA213
2021,1,K70,340673,3,15:00,17:00,T,,,560420,MMEL,MOTORS I MOBILITAT ELÈCTRICA,K,VGA213
2021,1,K70,340673,5,17:00,19:00,T,2,,560421,MMEL,MOTORS I MOBILITAT ELÈCTRICA,K,VGA213
2021,1,K7011,340673,5,17:00,19:00,L,1,,560424,MMEL,MOTORS I MOBILITAT ELÈCTRICA,K,VGA213
2021,1,I70,340458,1,8:30,10:30,T,,,560008,MIDA-I7P23,MINERIA DE DADES,I,VGA211
2021,1,I7011,340458,1,10:30,12:30,L,,,560014,MIDA-I7P23,MINERIA DE DADES,I,VGA108
2021,1,N30,340039,1,8:30,10:30,T,,,560227,MFLU-F3O29,MECÀNICA DE FLUIDS,N,VGB005
2021,1,N30,340039,3,12:30,14:30,T,1,,560226,MFLU-F3O29,MECÀNICA DE FLUIDS,N,VGB007
2021,1,N30,340039,4,8:30,10:30,T,2,2,560225,MFLU-F3O29,MECÀNICA DE FLUIDS,N,VGB005
2021,1,N3011,340039,2,8:30,10:30,L,1,1,560232,MFLU-F3O29,MECÀNICA DE FLUIDS,N,VGA029
2021,1,N3012,340039,2,8:30,10:30,L,1,2,560236,MFLU-F3O29,MECÀNICA DE FLUIDS,N,VGA029
2021,1,N3021,340039,2,8:30,10:30,L,2,1,560240,MFLU-F3O29,MECÀNICA DE FLUIDS,N,VGA029
2021,1,N3022,340039,2,8:30,10:30,L,2,2,563709,MFLU-F3O29,MECÀNICA DE FLUIDS,N,VGA029
2021,1,N31,340039,1,10:30,12:30,T,2,1,560764,MFLU-F3O29,MECÀNICA DE FLUIDS,N,VGB005
2021,1,N31,340039,2,10:30,12:30,T,,,560246,MFLU-F3O29,MECÀNICA DE FLUIDS,N,VGB007
2021,1,N31,340039,5,8:30,10:30,T,2,,560247,MFLU-F3O29,MECÀNICA DE FLUIDS,N,VGB007
2021,1,N3111,340039,2,12:30,14:30,L,1,1,560250,MFLU-F3O29,MECÀNICA DE FLUIDS,N,VGA029
2021,1,N3112,340039,2,12:30,14:30,L,1,2,560252,MFLU-F3O29,MECÀNICA DE FLUIDS,N,VGA029
2021,1,N3121,340039,2,12:30,14:30,L,2,1,560256,MFLU-F3O29,MECÀNICA DE FLUIDS,N,VGA029
2021,1,N32,340039,2,15:00,17:00,T,,,560262,MFLU-F3O29,MECÀNICA DE FLUIDS,N,VGB007
2021,1,N32,340039,4,15:00,17:00,T,2,2,560264,MFLU-F3O29,MECÀNICA DE FLUIDS,N,VGB007
2021,1,N32,340039,4,15:00,17:00,T,1,,560263,MFLU-F3O29,MECÀNICA DE FLUIDS,N,VGB007
2021,1,N3211,340039,5,17:00,19:00,L,1,1,560269,MFLU-F3O29,MECÀNICA DE FLUIDS,N,VGA029
2021,1,N3212,340039,5,17:00,19:00,L,1,2,560273,MFLU-F3O29,MECÀNICA DE FLUIDS,N,VGA029
2021,1,N3221,340039,5,17:00,19:00,L,2,1,560366,MFLU-F3O29,MECÀNICA DE FLUIDS,N,VGA029
2021,1,D30,340073,3,10:30,12:30,T,,,560706,MECA-D3O12,MECÀNICA,D,VGB101
2021,1,D30,340073,1,10:30,12:30,T,1,,560514,MECA-D3O12,MECÀNICA,D,VGB005
2021,1,D3011,340073,3,12:30,14:30,L,2,,560762,MECA-D3O12,MECÀNICA,D,VGA024
2021,1,D3012,340073,1,12:30,14:30,L,1,,560708,MECA-D3O12,MECÀNICA,D,VGA024
2021,1,D3021,340073,1,12:30,14:30,L,2,,560707,MECA-D3O12,MECÀNICA,D,VGA024
2021,1,D3022,340073,1,10:30,12:30,L,2,,560710,MECA-D3O12,MECÀNICA,D,VGA024
2021,1,D31,340073,3,15:00,17:00,T,1,,560530,MECA-D3O12,MECÀNICA,D,VGB104
2021,1,D31,340073,5,15:00,17:00,T,,,560529,MECA-D3O12,MECÀNICA,D,VGB101
2021,1,D3111,340073,1,15:00,17:00,L,2,,560763,MECA-D3O12,MECÀNICA,D,VGA024
2021,1,D3112,340073,1,15:00,17:00,L,1,,560709,MECA-D3O12,MECÀNICA,D,VGA024
2021,1,D3121,340073,3,17:00,19:00,L,1,,560368,MECA-D3O12,MECÀNICA,D,VGA024
2021,1,M70,340208,3,17:00,19:00,T,,,560766,MATH-M7P29,MÀQUINES TÈRMIQUES I HIDRÀULIQUES,M,VGB108
2021,1,M70,340208,1,17:00,19:00,T,1,,560302,MATH-M7P29,MÀQUINES TÈRMIQUES I HIDRÀULIQUES,M,VGA210
2021,1,M70,340208,1,15:00,17:00,T,2,1,560091,MATH-M7P29,MÀQUINES TÈRMIQUES I HIDRÀULIQUES,M,VGA212
2021,1,M7011,340208,1,17:00,19:00,L,2,1,560756,MATH-M7P29,MÀQUINES TÈRMIQUES I HIDRÀULIQUES,M,VGA111
2021,1,I20,340370,2,15:00,17:00,T,,,560399,MATD-I2O43,MATEMÀTICA DISCRETA,I,VGB005
2021,1,I20,340370,4,15:00,17:00,T,,,560400,MATD-I2O43,MATEMÀTICA DISCRETA,I,VGA207
2021,1,I2011,340370,5,15:00,17:00,L,2,,559970,MATD-I2O43,MATEMÀTICA DISCRETA,I,VGA105
2021,1,D70,340662,2,12:30,14:30,T,1,,560702,MATD,MATERIALS PER AL DISSENY,D,VGA209
2021,1,D70,340662,3,10:30,12:30,T,,,560704,MATD,MATERIALS PER AL DISSENY,D,VGA209
2021,1,D7011,340662,3,12:30,14:30,L,1,,560452,MATD,MATERIALS PER AL DISSENY,D,VGA028
2021,1,D7012,340662,3,12:30,14:30,L,2,,560705,MATD,MATERIALS PER AL DISSENY,D,VGA028
2021,1,D70,340088,1,12:30,14:30,T,,,560760,MARK-D7O32,MÀRQUETING I PRODUCCIÓ,D,VGB007
2021,1,D7011,340088,2,10:30,12:30,L,,,560759,MARK-D7O32,MÀRQUETING I PRODUCCIÓ,D,VGA212
2021,1,D7012,340088,1,10:30,12:30,L,,,560753,MARK-D7O32,MÀRQUETING I PRODUCCIÓ,D,VGA210
2021,1,D71,340088,1,15:00,17:00,T,,,560283,MARK-D7O32,MÀRQUETING I PRODUCCIÓ,D,VGB101
2021,1,D7111,340088,1,17:00,19:00,L,,,560658,MARK-D7O32,MÀRQUETING I PRODUCCIÓ,D,VGB101
2021,1,D7112,340088,1,19:00,21:00,L,,,560291,MARK-D7O32,MÀRQUETING I PRODUCCIÓ,D,VGB101
2021,1,D30,340086,2,10:30,12:30,T,,,560516,MAPR-D3O17,MAQUETACIÓ I PROTOTIPATGE,D,VGB008
2021,1,D3011,340086,2,12:30,14:30,L,,,560519,MAPR-D3O17,MAQUETACIÓ I PROTOTIPATGE,D,VGA018
2021,1,D3012,340086,2,8:30,10:30,L,,,560525,MAPR-D3O17,MAQUETACIÓ I PROTOTIPATGE,D,VGA018
2021,1,D3021,340086,1,8:30,10:30,L,,,560522,MAPR-D3O17,MAQUETACIÓ I PROTOTIPATGE,D,VGA018
2021,1,D3022,340086,1,12:30,14:30,L,,,560745,MAPR-D3O17,MAQUETACIÓ I PROTOTIPATGE,D,VGA018
2021,1,D3023,340086,1,10:30,12:30,L,,,560746,MAPR-D3O17,MAQUETACIÓ I PROTOTIPATGE,D,VGA018
2021,1,D31,340086,2,15:00,17:00,T,,,560532,MAPR-D3O17,MAQUETACIÓ I PROTOTIPATGE,D,VGA207
2021,1,D3111,340086,1,17:00,19:00,L,,,560535,MAPR-D3O17,MAQUETACIÓ I PROTOTIPATGE,D,VGA018
2021,1,D3112,340086,1,15:00,17:00,L,,,560536,MAPR-D3O17,MAQUETACIÓ I PROTOTIPATGE,D,VGA018
2021,1,D3121,340086,2,19:00,21:00,L,,,560681,MAPR-D3O17,MAQUETACIÓ I PROTOTIPATGE,D,VGA018
2021,1,M50,340052,1,12:30,14:30,T,,,560054,MAES-M5O02,MATERIALS ESTRUCTURALS,M,VGB008
2021,1,M5011,340052,1,10:30,12:30,L,,,560441,MAES-M5O02,MATERIALS ESTRUCTURALS,M,VGA162
2021,1,M5012,340052,4,8:30,10:30,L,,,560443,MAES-M5O02,MATERIALS ESTRUCTURALS,M,VGA162
2021,1,M5021,340052,3,8:30,10:30,L,,,560451,MAES-M5O02,MATERIALS ESTRUCTURALS,M,VGA027
2021,1,M51,340052,1,15:00,17:00,T,,,560075,MAES-M5O02,MATERIALS ESTRUCTURALS,M,VGA214
2021,1,M5111,340052,4,19:00,21:00,L,,,560444,MAES-M5O02,MATERIALS ESTRUCTURALS,M,VGA111
2021,1,M5112,340052,2,19:00,21:00,L,,,560442,MAES-M5O02,MATERIALS ESTRUCTURALS,M,VGA111
2021,1,M5121,340052,5,17:00,19:00,L,,,560453,MAES-M5O02,MATERIALS ESTRUCTURALS,M,VGA027
2021,1,E50,340108,3,19:00,21:00,T,2,,560614,MAE2-E5O09,MÀQUINES ELÈCTRIQUES II,E,VGA211
2021,1,E50,340108,4,15:00,17:00,T,,,560615,MAE2-E5O09,MÀQUINES ELÈCTRIQUES II,E,VGA210
2021,1,E5011,340108,4,17:00,19:00,L,2,,560620,MAE2-E5O09,MÀQUINES ELÈCTRIQUES II,E,VGA016
2021,1,E5012,340108,4,17:00,19:00,L,1,,560624,MAE2-E5O09,MÀQUINES ELÈCTRIQUES II,E,VGA016
2021,1,E5021,340108,1,19:00,21:00,L,1,,560742,MAE2-E5O09,MÀQUINES ELÈCTRIQUES II,E,VGA016
2021,1,D20,340070,1,15:00,17:00,T,,,560588,MADI-D2O43,MATEMÀTIQUES PER AL DISSENY,D,VGB001
2021,1,D20,340070,5,15:00,17:00,T,1,,560142,MADI-D2O43,MATEMÀTIQUES PER AL DISSENY,D,VGB001
2021,1,D2011,340070,5,17:00,19:00,L,1,,560498,MADI-D2O43,MATEMÀTIQUES PER AL DISSENY,D,VGA109
2021,1,M71,340665,3,19:00,21:00,T,,,560112,MA3D,MANUFACTURA AVANÇADA 3D,M,VGA207
2021,1,M71,340665,3,15:00,17:00,T,1,,560111,MA3D,MANUFACTURA AVANÇADA 3D,M,VGB001
2021,1,M7111,340665,1,17:00,19:00,L,2,,560110,MA3D,MANUFACTURA AVANÇADA 3D,M,VGA028
2021,1,I20,340373,2,17:00,19:00,T,,,560755,LOAL-I2O43,LÒGICA I ÀLGEBRA,I,VGB005
2021,1,I20,340373,4,17:00,19:00,T,,,560767,LOAL-I2O43,LÒGICA I ÀLGEBRA,I,VGA140
2021,1,I2011,340373,5,17:00,19:00,L,2,,559974,LOAL-I2O43,LÒGICA I ÀLGEBRA,I,VGA105
2021,1,E50,340101,3,19:00,21:00,T,1,,560612,LIEL-E5O09,LÍNIES ELÈCTRIQUES,E,VGA211
2021,1,E50,340101,3,17:00,19:00,T,,,560611,LIEL-E5O09,LÍNIES ELÈCTRIQUES,E,VGA211
2021,1,E5011,340101,4,17:00,19:00,L,1,,560618,LIEL-E5O09,LÍNIES ELÈCTRIQUES,E,VGA105
2021,1,E5012,340101,4,17:00,19:00,L,2,,560622,LIEL-E5O09,LÍNIES ELÈCTRIQUES,E,VGA105
2021,1,E70,340357,2,12:30,14:30,T,,,560505,INTE-C5O44,INTERNET,E,VGA211
2021,1,E7011,340357,5,12:30,14:30,L,,,560471,INTE-C5O44,INTERNET,E,VGA108
2021,1,E7012,340357,2,10:30,12:30,L,,,560457,INTE-C5O44,INTERNET,E,VGA108
2021,1,I50,340357,2,12:30,14:30,T,,,560004,INTE-C5O44,INTERNET,I,VGA211
2021,1,I5011,340357,5,12:30,14:30,L,,,560000,INTE-C5O44,INTERNET,I,VGA108
2021,1,I5012,340357,2,10:30,12:30,L,,,560460,INTE-C5O44,INTERNET,I,VGA108
2021,1,K70,340357,2,12:30,14:30,T,,,560597,INTE-C5O44,INTERNET,K,VGA211
2021,1,K7011,340357,5,12:30,14:30,L,,,560470,INTE-C5O44,INTERNET,K,VGA108
2021,1,K7012,340357,2,10:30,12:30,L,,,560456,INTE-C5O44,INTERNET,K,VGA108
2021,1,M70,340357,2,12:30,14:30,T,,,560598,INTE-C5O44,INTERNET,M,VGA211
2021,1,M7011,340357,5,12:30,14:30,L,,,560472,INTE-C5O44,INTERNET,M,VGA108
2021,1,M7012,340357,2,10:30,12:30,L,,,560465,INTE-C5O44,INTERNET,M,VGA108
2021,1,D71,340263,3,17:00,19:00,T,2,,560701,INPS-D7P32,INTERACCIÓ PERSONA-SISTEMA,D,VGA212
2021,1,D71,340263,3,15:00,17:00,T,,,560294,INPS-D7P32,INTERACCIÓ PERSONA-SISTEMA,D,VGA212
2021,1,D7111,340263,3,17:00,21:00,L,1,,560605,INPS-D7P32,INTERACCIÓ PERSONA-SISTEMA,D,VGA108
2021,1,N10,340020,4,10:30,12:30,T,,,563610,INFO-N1O23,INFORMÀTICA,N,VGB001
2021,1,N1011,340020,1,8:30,10:30,L,,,563618,INFO-N1O23,INFORMÀTICA,N,VGA105
2021,1,N1012,340020,2,12:30,14:30,L,,,563623,INFO-N1O23,INFORMÀTICA,N,VGA108
2021,1,N1021,340020,3,12:30,14:30,L,,,563626,INFO-N1O23,INFORMÀTICA,N,VGA111
2021,1,N11,340020,1,10:30,12:30,T,,,563630,INFO-N1O23,INFORMÀTICA,N,VGB007
2021,1,N1111,340020,5,12:30,14:30,L,,,563637,INFO-N1O23,INFORMÀTICA,N,VGA109
2021,1,N1112,340020,2,10:30,12:30,L,,,563639,INFO-N1O23,INFORMÀTICA,N,VGA111
2021,1,N1121,340020,5,10:30,12:30,L,,,563642,INFO-N1O23,INFORMÀTICA,N,VGA109
2021,1,N12,340020,2,10:30,12:30,T,,,563646,INFO-N1O23,INFORMÀTICA,N,VGB003
2021,1,N1211,340020,1,12:30,14:30,L,,,563654,INFO-N1O23,INFORMÀTICA,N,VGA105
2021,1,N1212,340020,1,12:30,14:30,L,,,563658,INFO-N1O23,INFORMÀTICA,N,VGA109
2021,1,N1221,340020,5,8:30,10:30,L,,,560687,INFO-N1O23,INFORMÀTICA,N,VGA108
2021,1,N13,340020,1,19:00,21:00,T,,,563662,INFO-N1O23,INFORMÀTICA,N,VGB008
2021,1,N1311,340020,1,15:00,17:00,L,,,563668,INFO-N1O23,INFORMÀTICA,N,VGA111
2021,1,N1312,340020,2,15:00,17:00,L,,,563671,INFO-N1O23,INFORMÀTICA,N,VGA109
2021,1,N1321,340020,3,15:00,17:00,L,,,563679,INFO-N1O23,INFORMÀTICA,N,VGA108
2021,1,N14,340020,1,17:00,19:00,T,,,563734,INFO-N1O23,INFORMÀTICA,N,VGB003
2021,1,N1411,340020,2,19:00,21:00,L,,,563735,INFO-N1O23,INFORMÀTICA,N,VGA111
2021,1,N1412,340020,4,19:00,21:00,L,,,563736,INFO-N1O23,INFORMÀTICA,N,VGA109
2021,1,I30,340376,5,10:30,12:30,T,,,559980,INEP-I3O23,INTRODUCCIÓ A L'ENGINYERIA DEL PROGRAMARI,I,VGB008
2021,1,I3011,340376,5,12:30,14:30,L,,,559986,INEP-I3O23,INTRODUCCIÓ A L'ENGINYERIA DEL PROGRAMARI,I,VGB008
2021,1,I3012,340376,3,12:30,14:30,L,,,560772,INEP-I3O23,INTRODUCCIÓ A L'ENGINYERIA DEL PROGRAMARI,I,VGA211
2021,1,I3021,340376,3,10:30,12:30,L,,,559991,INEP-I3O23,INTRODUCCIÓ A L'ENGINYERIA DEL PROGRAMARI,I,VGA211
2021,1,I10,340369,1,12:30,14:30,T,2,,563685,INCO-I1O01,INTRODUCCIÓ ALS COMPUTADORS,I,VGB104
2021,1,I10,340369,3,8:30,10:30,T,,,563686,INCO-I1O01,INTRODUCCIÓ ALS COMPUTADORS,I,VGB104
2021,1,I1011,340369,3,12:30,14:30,L,,,563700,INCO-I1O01,INTRODUCCIÓ ALS COMPUTADORS,I,VGA123
2021,1,I1012,340369,4,8:30,10:30,L,,,563696,INCO-I1O01,INTRODUCCIÓ ALS COMPUTADORS,I,VGA108
2021,1,I1021,340369,4,10:30,12:30,L,,,563691,INCO-I1O01,INTRODUCCIÓ ALS COMPUTADORS,I,VGA123
2021,1,I1022,340369,2,8:30,10:30,L,,,563683,INCO-I1O01,INTRODUCCIÓ ALS COMPUTADORS,I,VGA109
2021,1,M70,340668,3,10:30,12:30,T,,,560651,IEEE,INSTAL·LACIONS ELÈCTRIQUES I EFICIÈNCIA ENERGÈTICA,M,VGA210
2021,1,M70,340668,4,8:30,10:30,T,1,,560650,IEEE,INSTAL·LACIONS ELÈCTRIQUES I EFICIÈNCIA ENERGÈTICA,M,VGA211
2021,1,M7011,340668,4,8:30,10:30,L,2,,560117,IEEE,INSTAL·LACIONS ELÈCTRIQUES I EFICIÈNCIA ENERGÈTICA,M,VGA111
2021,1,E70,340037,2,15:00,17:00,T,,,560285,GEPR-N7O17,GESTIÓ DE PROJECTES,E,VGB003
2021,1,E7011,340037,2,17:00,19:00,L,,,560423,GEPR-N7O17,GESTIÓ DE PROJECTES,E,VGA214
2021,1,E7012,340037,2,19:00,21:00,L,,,560428,GEPR-N7O17,GESTIÓ DE PROJECTES,E,VGA214
2021,1,E71,340037,3,8:30,10:30,T,,,560432,GEPR-N7O17,GESTIÓ DE PROJECTES,E,VGB001
2021,1,E7111,340037,2,10:30,12:30,L,,,560419,GEPR-N7O17,GESTIÓ DE PROJECTES,E,VGA210
2021,1,E7112,340037,2,12:30,14:30,L,,,560434,GEPR-N7O17,GESTIÓ DE PROJECTES,E,VGA210
2021,1,E7121,340037,2,8:30,10:30,L,,,560435,GEPR-N7O17,GESTIÓ DE PROJECTES,E,VGA210
2021,1,K70,340037,2,15:00,17:00,T,,,560286,GEPR-N7O17,GESTIÓ DE PROJECTES,K,VGB003
2021,1,K7011,340037,2,17:00,19:00,L,,,560425,GEPR-N7O17,GESTIÓ DE PROJECTES,K,VGA214
2021,1,K7012,340037,2,19:00,21:00,L,,,560660,GEPR-N7O17,GESTIÓ DE PROJECTES,K,VGA214
2021,1,K71,340037,3,8:30,10:30,T,,,560431,GEPR-N7O17,GESTIÓ DE PROJECTES,K,VGB001
2021,1,K7111,340037,2,10:30,12:30,L,,,560659,GEPR-N7O17,GESTIÓ DE PROJECTES,K,VGA210
2021,1,K7112,340037,2,12:30,14:30,L,,,560433,GEPR-N7O17,GESTIÓ DE PROJECTES,K,VGA210
2021,1,K7121,340037,2,8:30,10:30,L,,,560436,GEPR-N7O17,GESTIÓ DE PROJECTES,K,VGA210
2021,1,M70,340037,3,8:30,10:30,T,,,560089,GEPR-N7O17,GESTIÓ DE PROJECTES,M,VGB001
2021,1,M7011,340037,2,10:30,12:30,L,,,560422,GEPR-N7O17,GESTIÓ DE PROJECTES,M,VGA210
2021,1,M7012,340037,2,12:30,14:30,L,,,560093,GEPR-N7O17,GESTIÓ DE PROJECTES,M,VGA210
2021,1,M7021,340037,2,8:30,10:30,L,,,560437,GEPR-N7O17,GESTIÓ DE PROJECTES,M,VGA210
2021,1,M71,340037,2,15:00,17:00,T,,,560287,GEPR-N7O17,GESTIÓ DE PROJECTES,M,VGB003
2021,1,M7111,340037,2,17:00,19:00,L,,,560426,GEPR-N7O17,GESTIÓ DE PROJECTES,M,VGA214
2021,1,M7112,340037,2,19:00,21:00,L,,,560429,GEPR-N7O17,GESTIÓ DE PROJECTES,M,VGA214
2021,1,E70,340672,3,19:00,21:00,T,2,,560065,GEEL,GESTIÓ I ESTALVI D'ENERGIA ELÈCTRICA,E,VGA213
2021,1,E70,340672,4,17:00,19:00,T,,,560043,GEEL,GESTIÓ I ESTALVI D'ENERGIA ELÈCTRICA,E,VGA211
2021,1,E7011,340672,3,19:00,21:00,L,1,,560064,GEEL,GESTIÓ I ESTALVI D'ENERGIA ELÈCTRICA,E,VGA213
2021,1,K70,340672,3,19:00,21:00,T,2,,560307,GEEL,GESTIÓ I ESTALVI D'ENERGIA ELÈCTRICA,K,VGA213
2021,1,K70,340672,4,17:00,19:00,T,,,560630,GEEL,GESTIÓ I ESTALVI D'ENERGIA ELÈCTRICA,K,VGA211
2021,1,K7011,340672,3,19:00,21:00,L,1,,560636,GEEL,GESTIÓ I ESTALVI D'ENERGIA ELÈCTRICA,K,VGA213
2021,1,E70,340670,1,19:00,21:00,T,,,560626,FSER,FONTS I SISTEMES D'ENERGIES RENOVABLES,E,VGA209
2021,1,E70,340670,4,19:00,21:00,T,2,,560304,FSER,FONTS I SISTEMES D'ENERGIES RENOVABLES,E,VGA211
2021,1,E7011,340670,4,19:00,21:00,L,1,,560632,FSER,FONTS I SISTEMES D'ENERGIES RENOVABLES,E,VGA211
2021,1,K70,340670,1,19:00,21:00,T,,,560398,FSER,FONTS I SISTEMES D'ENERGIES RENOVABLES,K,VGA209
2021,1,K70,340670,4,19:00,21:00,T,2,,560397,FSER,FONTS I SISTEMES D'ENERGIES RENOVABLES,K,VGA211
2021,1,K7011,340670,4,19:00,21:00,L,1,,560401,FSER,FONTS I SISTEMES D'ENERGIES RENOVABLES,K,VGA211
2021,1,I10,340368,3,10:30,12:30,T,,,563687,FOPR-I1O23,FONAMENTS DE PROGRAMACIÓ,I,VGA042
2021,1,I1011,340368,2,8:30,10:30,L,1,,563689,FOPR-I1O23,FONAMENTS DE PROGRAMACIÓ,I,VGA105
2021,1,I1011,340368,4,8:30,10:30,L,,,563690,FOPR-I1O23,FONAMENTS DE PROGRAMACIÓ,I,VGA109
2021,1,I1012,340368,2,8:30,10:30,L,2,,563693,FOPR-I1O23,FONAMENTS DE PROGRAMACIÓ,I,VGA105
2021,1,I1012,340368,4,10:30,12:30,L,,,563694,FOPR-I1O23,FONAMENTS DE PROGRAMACIÓ,I,VGA109
2021,1,I1021,340368,2,12:30,14:30,L,2,,563547,FOPR-I1O23,FONAMENTS DE PROGRAMACIÓ,I,VGA109
2021,1,I1021,340368,3,12:30,14:30,L,,,563548,FOPR-I1O23,FONAMENTS DE PROGRAMACIÓ,I,VGA109
2021,1,I1022,340368,2,12:30,14:30,L,2,,563698,FOPR-I1O23,FONAMENTS DE PROGRAMACIÓ,I,VGA027
2021,1,I1022,340368,3,12:30,14:30,L,,,563699,FOPR-I1O23,FONAMENTS DE PROGRAMACIÓ,I,VGA027
2021,1,N10,340021,2,10:30,12:30,T,,,563611,FOMA-N1O43,FONAMENTS MATEMÀTICS,N,VGB001
2021,1,N10,340021,4,8:30,10:30,T,,,563612,FOMA-N1O43,FONAMENTS MATEMÀTICS,N,VGB001
2021,1,N11,340021,3,10:30,12:30,T,,,563631,FOMA-N1O43,FONAMENTS MATEMÀTICS,N,VGB007
2021,1,N11,340021,4,10:30,12:30,T,,,563632,FOMA-N1O43,FONAMENTS MATEMÀTICS,N,VGB007
2021,1,N12,340021,1,8:30,10:30,T,,,563647,FOMA-N1O43,FONAMENTS MATEMÀTICS,N,VGB003
2021,1,N12,340021,5,12:30,14:30,T,,,563648,FOMA-N1O43,FONAMENTS MATEMÀTICS,N,VGB003
2021,1,N13,340021,2,19:00,21:00,T,,,563663,FOMA-N1O43,FONAMENTS MATEMÀTICS,N,VGB008
2021,1,N13,340021,5,15:00,17:00,T,,,563664,FOMA-N1O43,FONAMENTS MATEMÀTICS,N,VGB008
2021,1,N14,340021,2,15:00,17:00,T,,,563732,FOMA-N1O43,FONAMENTS MATEMÀTICS,N,VGB104
2021,1,N14,340021,5,15:00,17:00,T,,,563733,FOMA-N1O43,FONAMENTS MATEMÀTICS,N,VGB104
2021,1,I10,340366,1,10:30,12:30,T,,,563680,FOMA-I1O43,FONAMENTS MATEMÀTICS,I,VGB104
2021,1,I10,340366,2,12:30,14:30,T,1,,563681,FOMA-I1O43,FONAMENTS MATEMÀTICS,I,VGB104
2021,1,I10,340366,5,10:30,12:30,T,,,563682,FOMA-I1O43,FONAMENTS MATEMÀTICS,I,VGB104
2021,1,I10,340367,1,8:30,10:30,T,,,563701,FISI-I1O21,FÍSICA,I,VGB104
2021,1,I10,340367,2,10:30,12:30,T,1,,563608,FISI-I1O21,FÍSICA,I,VGB104
2021,1,I10,340367,5,8:30,10:30,T,2,2,563723,FISI-I1O21,FÍSICA,I,VGB104
2021,1,I10,340367,5,8:30,10:30,T,1,,563609,FISI-I1O21,FÍSICA,I,VGB104
2021,1,I1011,340367,5,8:30,10:30,L,2,1,563695,FISI-I1O21,FÍSICA,I,VGA114
2021,1,I1012,340367,2,8:30,10:30,L,1,1,563692,FISI-I1O21,FÍSICA,I,VGA114
2021,1,I1021,340367,2,8:30,10:30,L,1,2,563688,FISI-I1O21,FÍSICA,I,VGA114
2021,1,I1022,340367,5,12:30,14:30,L,2,2,563697,FISI-I1O21,FÍSICA,I,VGA114
2021,1,D20,340027,2,19:00,21:00,T,,,560195,FIS2-N2O21,FÍSICA II,D,VGB104
2021,1,D20,340027,4,19:00,21:00,T,2,1,560197,FIS2-N2O21,FÍSICA II,D,VGB104
2021,1,D20,340027,4,19:00,21:00,T,1,,560196,FIS2-N2O21,FÍSICA II,D,VGB104
2021,1,D2011,340027,5,19:00,21:00,L,1,2,560497,FIS2-N2O21,FÍSICA II,D,VGA114
2021,1,D2012,340027,2,15:00,17:00,L,2,1,560502,FIS2-N2O21,FÍSICA II,D,VGA114
2021,1,D2021,340027,4,19:00,21:00,L,2,2,560507,FIS2-N2O21,FÍSICA II,D,VGA114
2021,1,D21,340027,1,12:30,14:30,T,2,1,560592,FIS2-N2O21,FÍSICA II,D,VGA214
2021,1,D21,340027,1,12:30,14:30,T,1,,560591,FIS2-N2O21,FÍSICA II,D,VGA214
2021,1,D21,340027,3,12:30,14:30,T,,,560593,FIS2-N2O21,FÍSICA II,D,VGA213
2021,1,D2111,340027,3,10:30,12:30,L,2,2,560310,FIS2-N2O21,FÍSICA II,D,VGA114
2021,1,N20,340027,2,19:00,21:00,T,,,560106,FIS2-N2O21,FÍSICA II,N,VGB104
2021,1,N20,340027,4,19:00,21:00,T,2,1,560108,FIS2-N2O21,FÍSICA II,N,VGB104
2021,1,N20,340027,4,19:00,21:00,T,1,,560107,FIS2-N2O21,FÍSICA II,N,VGB104
2021,1,N2011,340027,5,19:00,21:00,L,1,2,560204,FIS2-N2O21,FÍSICA II,N,VGA114
2021,1,N2012,340027,2,15:00,17:00,L,2,1,560210,FIS2-N2O21,FÍSICA II,N,VGA114
2021,1,N2021,340027,4,19:00,21:00,L,2,2,560215,FIS2-N2O21,FÍSICA II,N,VGA114
2021,1,N21,340027,1,12:30,14:30,T,2,1,560406,FIS2-N2O21,FÍSICA II,N,VGA214
2021,1,N21,340027,1,12:30,14:30,T,1,,560405,FIS2-N2O21,FÍSICA II,N,VGA214
2021,1,N21,340027,3,12:30,14:30,T,,,560407,FIS2-N2O21,FÍSICA II,N,VGA213
2021,1,N2111,340027,3,10:30,12:30,L,2,2,560309,FIS2-N2O21,FÍSICA II,N,VGA114
2021,1,N10,340023,1,12:30,14:30,T,2,1,563615,FIS1-N1O21,FÍSICA I,N,VGB001
2021,1,N10,340023,1,12:30,14:30,T,1,,563614,FIS1-N1O21,FÍSICA I,N,VGB001
2021,1,N10,340023,5,10:30,12:30,T,,,563616,FIS1-N1O21,FÍSICA I,N,VGB001
2021,1,N1011,340023,5,12:30,14:30,L,1,1,563621,FIS1-N1O21,FÍSICA I,N,VGA114
2021,1,N1012,340023,5,12:30,14:30,L,1,2,563624,FIS1-N1O21,FÍSICA I,N,VGA114
2021,1,N1021,340023,5,12:30,14:30,L,2,1,563628,FIS1-N1O21,FÍSICA I,N,VGA114
2021,1,N11,340023,1,8:30,10:30,T,2,1,563635,FIS1-N1O21,FÍSICA I,N,VGB007
2021,1,N11,340023,1,8:30,10:30,T,1,,563634,FIS1-N1O21,FÍSICA I,N,VGB007
2021,1,N11,340023,4,8:30,10:30,T,,,563636,FIS1-N1O21,FÍSICA I,N,VGB007
2021,1,N1111,340023,1,12:30,14:30,L,1,1,563638,FIS1-N1O21,FÍSICA I,N,VGA114
2021,1,N1112,340023,1,12:30,14:30,L,1,2,563640,FIS1-N1O21,FÍSICA I,N,VGA114
2021,1,N1121,340023,1,12:30,14:30,L,2,1,563643,FIS1-N1O21,FÍSICA I,N,VGA114
2021,1,N1122,340023,1,12:30,14:30,L,2,2,563677,FIS1-N1O21,FÍSICA I,N,VGA114
2021,1,N12,340023,1,10:30,12:30,T,,,563650,FIS1-N1O21,FÍSICA I,N,VGB003
2021,1,N12,340023,3,10:30,12:30,T,2,1,563652,FIS1-N1O21,FÍSICA I,N,VGB003
2021,1,N12,340023,3,10:30,12:30,T,1,,563651,FIS1-N1O21,FÍSICA I,N,VGB003
2021,1,N1211,340023,5,10:30,12:30,L,1,1,563657,FIS1-N1O21,FÍSICA I,N,VGA114
2021,1,N1212,340023,5,10:30,12:30,L,1,2,563659,FIS1-N1O21,FÍSICA I,N,VGA114
2021,1,N1221,340023,5,10:30,12:30,L,2,1,563661,FIS1-N1O21,FÍSICA I,N,VGA114
2021,1,N1222,340023,5,10:30,12:30,L,2,2,563676,FIS1-N1O21,FÍSICA I,N,VGA114
2021,1,N13,340023,4,15:00,17:00,T,,,563665,FIS1-N1O21,FÍSICA I,N,VGB008
2021,1,N13,340023,5,17:00,19:00,T,2,2,563667,FIS1-N1O21,FÍSICA I,N,VGB008
2021,1,N13,340023,5,17:00,19:00,T,1,,563666,FIS1-N1O21,FÍSICA I,N,VGB008
2021,1,N1311,340023,4,17:00,19:00,L,2,1,563670,FIS1-N1O21,FÍSICA I,N,VGA114
2021,1,N1312,340023,4,17:00,19:00,L,2,2,563674,FIS1-N1O21,FÍSICA I,N,VGA114
2021,1,N1321,340023,5,19:00,21:00,L,2,2,563601,FIS1-N1O21,FÍSICA I,N,VGA114
2021,1,N14,340023,4,15:00,17:00,T,,,563741,FIS1-N1O21,FÍSICA I,N,VGB001
2021,1,N14,340023,5,17:00,19:00,T,2,2,563745,FIS1-N1O21,FÍSICA I,N,VGB007
2021,1,N14,340023,5,17:00,19:00,T,1,,563744,FIS1-N1O21,FÍSICA I,N,VGB007
2021,1,N1411,340023,2,17:00,19:00,L,2,1,563742,FIS1-N1O21,FÍSICA I,N,VGA114
2021,1,N1412,340023,5,19:00,21:00,L,1,1,563743,FIS1-N1O21,FÍSICA I,N,VGA114
2021,1,N30,340038,4,8:30,10:30,T,2,1,560712,FENT-F3O29,FONAMENTS D'ENGINYERIA TÈRMICA,N,VGB005
2021,1,N30,340038,2,10:30,12:30,T,,,560224,FENT-F3O29,FONAMENTS D'ENGINYERIA TÈRMICA,N,VGB005
2021,1,N30,340038,4,8:30,10:30,T,1,,560223,FENT-F3O29,FONAMENTS D'ENGINYERIA TÈRMICA,N,VGB005
2021,1,N3011,340038,5,8:30,10:30,L,1,1,560231,FENT-F3O29,FONAMENTS D'ENGINYERIA TÈRMICA,N,VGA029
2021,1,N3012,340038,5,8:30,10:30,L,1,2,560235,FENT-F3O29,FONAMENTS D'ENGINYERIA TÈRMICA,N,VGA029
2021,1,N3021,340038,5,8:30,10:30,L,2,1,560239,FENT-F3O29,FONAMENTS D'ENGINYERIA TÈRMICA,N,VGA029
2021,1,N3022,340038,5,8:30,10:30,L,2,2,560775,FENT-F3O29,FONAMENTS D'ENGINYERIA TÈRMICA,N,VGA029
2021,1,N31,340038,3,8:30,10:30,T,2,1,563708,FENT-F3O29,FONAMENTS D'ENGINYERIA TÈRMICA,N,VGB005
2021,1,N31,340038,3,8:30,10:30,T,1,,563707,FENT-F3O29,FONAMENTS D'ENGINYERIA TÈRMICA,N,VGB005
2021,1,N31,340038,5,12:30,14:30,T,,,563706,FENT-F3O29,FONAMENTS D'ENGINYERIA TÈRMICA,N,VGB007
2021,1,N3111,340038,1,10:30,12:30,L,1,1,560777,FENT-F3O29,FONAMENTS D'ENGINYERIA TÈRMICA,N,VGA029
2021,1,N3112,340038,1,10:30,12:30,L,1,2,560663,FENT-F3O29,FONAMENTS D'ENGINYERIA TÈRMICA,N,VGA029
2021,1,N3121,340038,1,12:30,14:30,L,1,2,560290,FENT-F3O29,FONAMENTS D'ENGINYERIA TÈRMICA,N,VGA029
2021,1,N32,340038,4,17:00,19:00,T,2,1,560770,FENT-F3O29,FONAMENTS D'ENGINYERIA TÈRMICA,N,VGB005
2021,1,N32,340038,2,17:00,19:00,T,,,560260,FENT-F3O29,FONAMENTS D'ENGINYERIA TÈRMICA,N,VGB007
2021,1,N32,340038,4,17:00,19:00,T,1,,560261,FENT-F3O29,FONAMENTS D'ENGINYERIA TÈRMICA,N,VGB005
2021,1,N3211,340038,3,19:00,21:00,L,1,1,560268,FENT-F3O29,FONAMENTS D'ENGINYERIA TÈRMICA,N,VGA029
2021,1,N3212,340038,3,19:00,21:00,L,2,1,560272,FENT-F3O29,FONAMENTS D'ENGINYERIA TÈRMICA,N,VGA029
2021,1,N3221,340038,3,19:00,21:00,L,1,2,560276,FENT-F3O29,FONAMENTS D'ENGINYERIA TÈRMICA,N,VGA029
2021,1,D20,340024,1,17:00,19:00,T,,,560740,EXGR-N2O17,EXPRESSIÓ GRÀFICA,D,VGB001
2021,1,D2011,340024,3,17:00,19:00,L,,,560496,EXGR-N2O17,EXPRESSIÓ GRÀFICA,D,VGA111
2021,1,D2012,340024,3,15:00,17:00,L,,,560501,EXGR-N2O17,EXPRESSIÓ GRÀFICA,D,VGA105
2021,1,D2021,340024,1,19:00,21:00,L,,,560506,EXGR-N2O17,EXPRESSIÓ GRÀFICA,D,VGA105
2021,1,D21,340024,2,12:30,14:30,T,,,560404,EXGR-N2O17,EXPRESSIÓ GRÀFICA,D,VGB001
2021,1,D2111,340024,2,10:30,12:30,L,,,560511,EXGR-N2O17,EXPRESSIÓ GRÀFICA,D,VGA123
2021,1,D2112,340024,4,10:30,12:30,L,,,560187,EXGR-N2O17,EXPRESSIÓ GRÀFICA,D,VGA111
2021,1,N20,340024,1,17:00,19:00,T,,,560313,EXGR-N2O17,EXPRESSIÓ GRÀFICA,N,VGB001
2021,1,N2011,340024,3,17:00,19:00,L,,,560201,EXGR-N2O17,EXPRESSIÓ GRÀFICA,N,VGA111
2021,1,N2012,340024,3,15:00,17:00,L,,,560207,EXGR-N2O17,EXPRESSIÓ GRÀFICA,N,VGA105
2021,1,N2021,340024,1,19:00,21:00,L,,,560213,EXGR-N2O17,EXPRESSIÓ GRÀFICA,N,VGA105
2021,1,N21,340024,2,12:30,14:30,T,,,560348,EXGR-N2O17,EXPRESSIÓ GRÀFICA,N,VGB001
2021,1,N2111,340024,2,10:30,12:30,L,,,560308,EXGR-N2O17,EXPRESSIÓ GRÀFICA,N,VGA123
2021,1,N2112,340024,4,10:30,12:30,L,,,560188,EXGR-N2O17,EXPRESSIÓ GRÀFICA,N,VGA111
2021,1,M50,340053,3,10:30,12:30,T,,,560055,EXG2-M5O17,EXPRESSIÓ GRÀFICA II,M,VGB104
2021,1,M5011,340053,2,8:30,10:30,L,,,560081,EXG2-M5O17,EXPRESSIÓ GRÀFICA II,M,VGA111
2021,1,M5012,340053,3,19:00,21:00,L,,,560752,EXG2-M5O17,EXPRESSIÓ GRÀFICA II,M,VGA105
2021,1,M5021,340053,2,12:30,14:30,L,,,560061,EXG2-M5O17,EXPRESSIÓ GRÀFICA II,M,VGA123
2021,1,D30,340074,2,8:30,10:30,T,,,560515,EXAR-D3O17,EXPRESSIÓ ARTÍSTICA,D,VGB008
2021,1,D3011,340074,5,8:30,10:30,L,,,560518,EXAR-D3O17,EXPRESSIÓ ARTÍSTICA,D,VGA105
2021,1,D3012,340074,4,8:30,10:30,L,,,560521,EXAR-D3O17,EXPRESSIÓ ARTÍSTICA,D,VGA105
2021,1,D3021,340074,3,8:30,10:30,L,,,560524,EXAR-D3O17,EXPRESSIÓ ARTÍSTICA,D,VGA105
2021,1,D3022,340074,2,12:30,14:30,L,,,560527,EXAR-D3O17,EXPRESSIÓ ARTÍSTICA,D,VGA105
2021,1,D31,340074,2,17:00,19:00,T,,,560531,EXAR-D3O17,EXPRESSIÓ ARTÍSTICA,D,VGA211
2021,1,D3111,340074,4,15:00,17:00,L,,,560534,EXAR-D3O17,EXPRESSIÓ ARTÍSTICA,D,VGA105
2021,1,D30,340029,3,12:30,14:30,T,1,,560790,ESTA-N3O43,ESTADÍSTICA,D,VGB008
2021,1,D30,340029,4,10:30,12:30,T,,,560791,ESTA-N3O43,ESTADÍSTICA,D,VGB104
2021,1,D3011,340029,1,8:30,10:30,L,1,,560793,ESTA-N3O43,ESTADÍSTICA,D,VGA109
2021,1,D3012,340029,3,12:30,14:30,L,2,,560792,ESTA-N3O43,ESTADÍSTICA,D,VGA108
2021,1,D3021,340029,1,12:30,14:30,L,1,,560794,ESTA-N3O43,ESTADÍSTICA,D,VGA123
2021,1,D31,340029,1,19:00,21:00,T,1,,560795,ESTA-N3O43,ESTADÍSTICA,D,VGA214
2021,1,D31,340029,4,19:00,21:00,T,,,560365,ESTA-N3O43,ESTADÍSTICA,D,VGA214
2021,1,D3111,340029,3,15:00,17:00,L,2,,560796,ESTA-N3O43,ESTADÍSTICA,D,VGA109
2021,1,D32,340029,1,12:30,14:30,T,2,,560363,ESTA-N3O43,ESTADÍSTICA,D,VGB005
2021,1,D32,340029,5,10:30,12:30,T,,,560362,ESTA-N3O43,ESTADÍSTICA,D,VGB007
2021,1,D3211,340029,3,8:30,10:30,L,2,,560360,ESTA-N3O43,ESTADÍSTICA,D,VGA123
2021,1,N30,340029,3,10:30,12:30,T,2,,560797,ESTA-N3O43,ESTADÍSTICA,N,VGB008
2021,1,N30,340029,4,10:30,12:30,T,,,560798,ESTA-N3O43,ESTADÍSTICA,N,VGB005
2021,1,N3011,340029,1,12:30,14:30,L,1,,560799,ESTA-N3O43,ESTADÍSTICA,N,VGA111
2021,1,N3012,340029,3,8:30,10:30,L,1,,560800,ESTA-N3O43,ESTADÍSTICA,N,VGA123
2021,1,N3021,340029,5,10:30,12:30,L,2,,560801,ESTA-N3O43,ESTADÍSTICA,N,VGA108
2021,1,N31,340029,1,12:30,14:30,T,2,,560802,ESTA-N3O43,ESTADÍSTICA,N,VGB005
2021,1,N31,340029,5,10:30,12:30,T,,,560803,ESTA-N3O43,ESTADÍSTICA,N,VGB007
2021,1,N3111,340029,4,10:30,12:30,L,2,,560804,ESTA-N3O43,ESTADÍSTICA,N,VGA108
2021,1,N32,340029,1,19:00,21:00,T,1,,560806,ESTA-N3O43,ESTADÍSTICA,N,VGA214
2021,1,N32,340029,4,19:00,21:00,T,,,560364,ESTA-N3O43,ESTADÍSTICA,N,VGA214
2021,1,N3211,340029,3,15:00,17:00,L,2,,560807,ESTA-N3O43,ESTADÍSTICA,N,VGA111
2021,1,N3212,340029,3,15:00,17:00,L,1,,560808,ESTA-N3O43,ESTADÍSTICA,N,VGA109
2021,1,I30,340354,2,12:30,14:30,T,2,,559975,ESTA-C3O43,ESTADÍSTICA,I,VGB101
2021,1,I30,340354,4,8:30,10:30,T,,,559976,ESTA-C3O43,ESTADÍSTICA,I,VGB101
2021,1,I3011,340354,2,8:30,10:30,L,1,,559983,ESTA-C3O43,ESTADÍSTICA,I,VGA108
2021,1,I3012,340354,2,8:30,10:30,L,2,,559988,ESTA-C3O43,ESTADÍSTICA,I,VGA108
2021,1,I3021,340354,5,8:30,10:30,L,2,,560463,ESTA-C3O43,ESTADÍSTICA,I,VGA109
2021,1,I30,340374,1,10:30,12:30,T,,,559977,ESIN-I3O23,ESTRUCTURA DE LA INFORMACIÓ,I,VGB101
2021,1,I3011,340374,3,8:30,10:30,L,,,559989,ESIN-I3O23,ESTRUCTURA DE LA INFORMACIÓ,I,VGA108
2021,1,I3012,340374,3,10:30,12:30,L,,,559984,ESIN-I3O23,ESTRUCTURA DE LA INFORMACIÓ,I,VGA105
2021,1,I3021,340374,3,12:30,14:30,L,,,560464,ESIN-I3O23,ESTRUCTURA DE LA INFORMACIÓ,I,VGA105
2021,1,E70,340671,1,17:00,19:00,T,1,,560303,ESER,ELECTRÒNICA ALS SISTEMES D'ENERGIES RENOVABLES,E,VGB110
2021,1,E70,340671,3,17:00,19:00,T,,,560628,ESER,ELECTRÒNICA ALS SISTEMES D'ENERGIES RENOVABLES,E,VGB110
2021,1,E7011,340671,1,17:00,19:00,L,2,,560314,ESER,ELECTRÒNICA ALS SISTEMES D'ENERGIES RENOVABLES,E,VGA116
2021,1,K70,340671,1,17:00,19:00,T,1,,560408,ESER,ELECTRÒNICA ALS SISTEMES D'ENERGIES RENOVABLES,K,VGB110
2021,1,K70,340671,3,17:00,19:00,T,,,560409,ESER,ELECTRÒNICA ALS SISTEMES D'ENERGIES RENOVABLES,K,VGB110
2021,1,K7011,340671,1,17:00,19:00,L,2,,560415,ESER,ELECTRÒNICA ALS SISTEMES D'ENERGIES RENOVABLES,K,VGA116
2021,1,I30,340375,1,12:30,14:30,T,1,,559978,ESC2-I3O01,ESTRUCTURA DE COMPUTADORS II,I,VGB101
2021,1,I30,340375,2,10:30,12:30,T,,,559979,ESC2-I3O01,ESTRUCTURA DE COMPUTADORS II,I,VGB101
2021,1,I3011,340375,5,8:30,10:30,L,1,,559985,ESC2-I3O01,ESTRUCTURA DE COMPUTADORS II,I,VGA109
2021,1,I3012,340375,1,12:30,14:30,L,2,,559990,ESC2-I3O01,ESTRUCTURA DE COMPUTADORS II,I,VGA111
2021,1,I3021,340375,3,8:30,10:30,L,1,,560771,ESC2-I3O01,ESTRUCTURA DE COMPUTADORS II,I,VGA111
2021,1,I20,340372,3,17:00,19:00,T,,,560402,ESC1-I2O01,ESTRUCTURA DE COMPUTADORS I,I,VGA213
2021,1,I20,340372,4,19:00,21:00,T,2,,560403,ESC1-I2O01,ESTRUCTURA DE COMPUTADORS I,I,VGA209
2021,1,I2011,340372,3,19:00,20:00,L,,,559973,ESC1-I2O01,ESTRUCTURA DE COMPUTADORS I,I,VGA109
2021,1,N20,340025,2,17:00,19:00,T,,,560086,EQDI-F2O43,EQUACIONS DIFERENCIALS,N,VGA212
2021,1,N20,340025,5,15:00,17:00,T,1,1,560105,EQDI-F2O43,EQUACIONS DIFERENCIALS,N,VGB007
2021,1,N20,340025,5,15:00,17:00,T,2,,560095,EQDI-F2O43,EQUACIONS DIFERENCIALS,N,VGB007
2021,1,N2011,340025,5,15:00,17:00,L,1,2,560202,EQDI-F2O43,EQUACIONS DIFERENCIALS,N,VGA105
2021,1,N2012,340025,5,17:00,19:00,L,1,2,560208,EQDI-F2O43,EQUACIONS DIFERENCIALS,N,VGA105
2021,1,N2021,340025,5,19:00,21:00,L,1,2,560214,EQDI-F2O43,EQUACIONS DIFERENCIALS,N,VGA105
2021,1,N21,340025,1,8:30,10:30,T,2,1,563719,EQDI-F2O43,EQUACIONS DIFERENCIALS,N,VGB008
2021,1,N21,340025,1,8:30,10:30,T,1,,563718,EQDI-F2O43,EQUACIONS DIFERENCIALS,N,VGB008
2021,1,N21,340025,2,8:30,10:30,T,,,563720,EQDI-F2O43,EQUACIONS DIFERENCIALS,N,VGB003
2021,1,N2111,340025,3,10:30,12:30,L,1,2,563721,EQDI-F2O43,EQUACIONS DIFERENCIALS,N,VGA111
2021,1,N2112,340025,4,8:30,10:30,L,1,2,563722,EQDI-F2O43,EQUACIONS DIFERENCIALS,N,VGA111
2021,1,D71,340268,4,10:30,12:30,T,,,560757,ENUA-D7P32,ENGINYERIA DE LA USABILITAT I L'ACCESSIBILITAT,D,VGA211
2021,1,D7111,340268,4,12:30,14:30,L,,,560758,ENUA-D7P32,ENGINYERIA DE LA USABILITAT I L'ACCESSIBILITAT,D,VGA211
2021,1,M71,340664,3,15:00,17:00,T,2,,560077,ENSU,ENGINYERIA DE SUPERFÍCIES,M,VGB107
2021,1,M71,340664,4,15:00,17:00,T,,,560083,ENSU,ENGINYERIA DE SUPERFÍCIES,M,VGB107
2021,1,M7111,340664,4,17:00,19:00,L,1,,560099,ENSU,ENGINYERIA DE SUPERFÍCIES,M,VGA028
2021,1,N30,340028,2,12:30,14:30,T,,,560220,EMPR-N3O32,EMPRESA,N,VGB005
2021,1,N3011,340028,5,12:30,14:30,L,,,560228,EMPR-N3O32,EMPRESA,N,VGB101
2021,1,N3012,340028,3,12:30,14:30,L,,,560248,EMPR-N3O32,EMPRESA,N,VGB101
2021,1,N32,340028,1,15:00,17:00,T,,,560257,EMPR-N3O32,EMPRESA,N,VGB109
2021,1,N3211,340028,1,17:00,19:00,L,,,560265,EMPR-N3O32,EMPRESA,N,VGB109
2021,1,E50,340100,1,15:00,17:00,T,,,560610,ELPO-E5O10,ELECTRÒNICA DE POTÈNCIA,E,VGA211
2021,1,E5011,340100,5,15:00,17:00,L,,,560617,ELPO-E5O10,ELECTRÒNICA DE POTÈNCIA,E,VGA111
2021,1,K50,340124,2,19:00,21:00,T,,,560018,ELAN-K5O10,ELECTRÒNICA ANALÒGICA,K,VGB003
2021,1,K50,340124,4,15:00,17:00,T,2,,560739,ELAN-K5O10,ELECTRÒNICA ANALÒGICA,K,VGB003
2021,1,K5011,340124,2,17:00,19:00,L,1,,560026,ELAN-K5O10,ELECTRÒNICA ANALÒGICA,K,VGA116
2021,1,K5012,340124,4,17:00,19:00,L,2,,560034,ELAN-K5O10,ELECTRÒNICA ANALÒGICA,K,VGA116
2021,1,K5021,340124,2,17:00,19:00,L,2,,560295,ELAN-K5O10,ELECTRÒNICA ANALÒGICA,K,VGA116
2021,1,K5022,340124,4,17:00,19:00,L,1,,563727,ELAN-K5O10,ELECTRÒNICA ANALÒGICA,K,VGA116
2021,1,D70,340661,2,8:30,10:30,T,1,,560583,EFFI,ENGINYERIA FORENSE I FIABILITAT INDUSTRIAL,D,VGA212
2021,1,D70,340661,3,8:30,10:30,T,,,560584,EFFI,ENGINYERIA FORENSE I FIABILITAT INDUSTRIAL,D,VGA213
2021,1,D7011,340661,4,10:30,12:30,L,1,,560587,EFFI,ENGINYERIA FORENSE I FIABILITAT INDUSTRIAL,D,VGA028
2021,1,M71,340661,1,17:00,19:00,T,1,,560255,EFFI,ENGINYERIA FORENSE I FIABILITAT INDUSTRIAL,M,VGA209
2021,1,M71,340661,3,17:00,19:00,T,,,560367,EFFI,ENGINYERIA FORENSE I FIABILITAT INDUSTRIAL,M,VGB101
2021,1,M7111,340661,1,15:00,17:00,L,1,,560245,EFFI,ENGINYERIA FORENSE I FIABILITAT INDUSTRIAL,M,VGA028
2021,1,M7112,340661,1,15:00,17:00,L,2,,560254,EFFI,ENGINYERIA FORENSE I FIABILITAT INDUSTRIAL,M,VGA028
2021,1,I70,340381,5,8:30,10:30,T,,,559993,EESO-I5O32,"ECONOMIA, ÈTICA I SOCIETAT",I,VGA209
2021,1,I7011,340381,5,10:30,12:30,L,,,560001,EESO-I5O32,"ECONOMIA, ÈTICA I SOCIETAT",I,VGA209
2021,1,D7011,340663,1,10:30,12:30,L,,,560748,DPMO,DISSENY I PROTOTIP DE MOTLLES,D,VGA109
2021,1,D7011,340663,5,10:30,12:30,L,,,560664,DPMO,DISSENY I PROTOTIP DE MOTLLES,D,VGA105
2021,1,D7012,340663,4,8:30,10:30,L,,,560296,DPMO,DISSENY I PROTOTIP DE MOTLLES,D,VGA123
2021,1,D7012,340663,5,12:30,14:30,L,,,560594,DPMO,DISSENY I PROTOTIP DE MOTLLES,D,VGA105
2021,1,M70,340207,4,8:30,10:30,T,,,560350,DMAO-M7P12,DISSENY DE MÀQUINES ASSISTIT PER ORDINADOR,M,VGA027
2021,1,M70,340207,5,8:30,10:30,T,2,,560103,DMAO-M7P12,DISSENY DE MÀQUINES ASSISTIT PER ORDINADOR,M,VGA027
2021,1,M7011,340207,4,10:30,12:30,L,2,,560097,DMAO-M7P12,DISSENY DE MÀQUINES ASSISTIT PER ORDINADOR,M,VGA027
2021,1,D50,340080,4,10:30,12:30,T,,,560539,DIGR-D5O17,DISSENY GRÀFIC,D,VGB003
2021,1,D5011,340080,2,10:30,12:30,L,,,560546,DIGR-D5O17,DISSENY GRÀFIC,D,VGA208
2021,1,D5012,340080,2,12:30,14:30,L,,,560552,DIGR-D5O17,DISSENY GRÀFIC,D,VGA208
2021,1,D5021,340080,2,8:30,10:30,L,,,560558,DIGR-D5O17,DISSENY GRÀFIC,D,VGA208
2021,1,D51,340080,4,17:00,19:00,T,,,560567,DIGR-D5O17,DISSENY GRÀFIC,D,VGB101
2021,1,D5111,340080,4,15:00,17:00,L,,,560574,DIGR-D5O17,DISSENY GRÀFIC,D,VGB101
2021,1,D5112,340080,4,19:00,21:00,L,,,560579,DIGR-D5O17,DISSENY GRÀFIC,D,VGB101
2021,1,D71,340265,2,15:00,17:00,T,,,560604,DIDU-D7P32,DISSENY INCLUSIU I DISSENY CENTRAT EN L'USUARI,D,VGA214
2021,1,D7111,340265,2,17:00,19:00,L,,,560606,DIDU-D7P32,DISSENY INCLUSIU I DISSENY CENTRAT EN L'USUARI,D,VGA208
2021,1,D7112,340265,2,19:00,21:00,L,,,560608,DIDU-D7P32,DISSENY INCLUSIU I DISSENY CENTRAT EN L'USUARI,D,VGA208
2021,1,D50,340079,3,12:30,14:30,T,1,,560538,DIBA-D5O17,DISSENY BÀSIC,D,VGB005
2021,1,D50,340079,3,10:30,12:30,T,,,560537,DIBA-D5O17,DISSENY BÀSIC,D,VGB005
2021,1,D5011,340079,2,8:30,10:30,L,2,,560545,DIBA-D5O17,DISSENY BÀSIC,D,VGA212
2021,1,D5012,340079,1,10:30,12:30,L,2,,560551,DIBA-D5O17,DISSENY BÀSIC,D,VGA212
2021,1,D5021,340079,3,8:30,10:30,L,2,,560557,DIBA-D5O17,DISSENY BÀSIC,D,VGB108
2021,1,D51,340079,3,19:00,21:00,T,2,,560566,DIBA-D5O17,DISSENY BÀSIC,D,VGA212
2021,1,D51,340079,3,15:00,17:00,T,,,560565,DIBA-D5O17,DISSENY BÀSIC,D,VGA207
2021,1,D5111,340079,2,19:00,21:00,L,2,,560573,DIBA-D5O17,DISSENY BÀSIC,D,VGA213
2021,1,D5112,340079,2,17:00,19:00,L,2,,560311,DIBA-D5O17,DISSENY BÀSIC,D,VGA213
2021,1,D50,340078,4,8:30,10:30,T,,,560761,DIAO-D5O17,DISSENY ASSISTIT PER ORDINADOR,D,VGB008
2021,1,D5011,340078,1,10:30,12:30,L,,,560544,DIAO-D5O17,DISSENY ASSISTIT PER ORDINADOR,D,VGA123
2021,1,D5012,340078,5,12:30,14:30,L,,,560550,DIAO-D5O17,DISSENY ASSISTIT PER ORDINADOR,D,VGA111
2021,1,D5021,340078,1,8:30,10:30,L,,,560556,DIAO-D5O17,DISSENY ASSISTIT PER ORDINADOR,D,VGA123
2021,1,D51,340078,5,17:00,19:00,T,,,560564,DIAO-D5O17,DISSENY ASSISTIT PER ORDINADOR,D,VGA111
2021,1,D5111,340078,1,15:00,17:00,L,,,560572,DIAO-D5O17,DISSENY ASSISTIT PER ORDINADOR,D,VGA105
2021,1,D5112,340078,1,17:00,19:00,L,,,560578,DIAO-D5O17,DISSENY ASSISTIT PER ORDINADOR,D,VGA105
2021,1,I70,340453,5,12:30,14:30,T,,,560005,DAMO-I7P23,DESENVOLUPAMENT D'APLICACIONS MÒBILS,I,VGA211
2021,1,I7011,340453,2,12:30,14:30,L,,,560011,DAMO-I7P23,DESENVOLUPAMENT D'APLICACIONS MÒBILS,I,VGA111
2021,1,N20,340040,4,15:00,17:00,T,,,560599,CIMA-F2O02,CIÈNCIA DELS MATERIALS,N,VGB104
2021,1,N2011,340040,2,15:00,17:00,L,,,560206,CIMA-F2O02,CIÈNCIA DELS MATERIALS,N,VGA027
2021,1,N2012,340040,3,17:00,19:00,L,,,560212,CIMA-F2O02,CIÈNCIA DELS MATERIALS,N,VGA027
2021,1,N2021,340040,3,19:00,21:00,L,,,560447,CIMA-F2O02,CIÈNCIA DELS MATERIALS,N,VGA162
2021,1,N2022,340040,5,19:00,21:00,L,,,560736,CIMA-F2O02,CIÈNCIA DELS MATERIALS,N,VGA162
2021,1,D20,340097,2,17:00,19:00,T,,,560121,CIMA-D2O02,CIÈNCIA DELS MATERIALS,D,VGA209
2021,1,D2011,340097,3,15:00,17:00,L,,,560500,CIMA-D2O02,CIÈNCIA DELS MATERIALS,D,VGA027
2021,1,D2012,340097,1,19:00,21:00,L,,,560508,CIMA-D2O02,CIÈNCIA DELS MATERIALS,D,VGA028
2021,1,M70,340669,4,15:00,17:00,T,,,560370,CEAO,CÀLCUL D'ESTRUCTURES ASSISTIT PER ORDINADOR,M,VGA109
2021,1,M70,340669,4,17:00,19:00,T,1,,560369,CEAO,CÀLCUL D'ESTRUCTURES ASSISTIT PER ORDINADOR,M,VGA109
2021,1,M7011,340669,4,17:00,19:00,L,2,,560371,CEAO,CÀLCUL D'ESTRUCTURES ASSISTIT PER ORDINADOR,M,VGA109
2021,1,N20,340026,1,15:00,17:00,T,2,1,560176,CAAV-F2O43,CÀLCUL AVANÇAT,N,VGB007
2021,1,N20,340026,1,15:00,17:00,T,1,,560160,CAAV-F2O43,CÀLCUL AVANÇAT,N,VGB007
2021,1,N20,340026,4,17:00,19:00,T,,,560466,CAAV-F2O43,CÀLCUL AVANÇAT,N,VGB104
2021,1,N2011,340026,4,19:00,21:00,L,2,2,560203,CAAV-F2O43,CÀLCUL AVANÇAT,N,VGA108
2021,1,N2012,340026,1,19:00,21:00,L,2,2,560209,CAAV-F2O43,CÀLCUL AVANÇAT,N,VGA109
2021,1,N2021,340026,1,15:00,17:00,L,2,2,563717,CAAV-F2O43,CÀLCUL AVANÇAT,N,VGA109
2021,1,N21,340026,1,10:30,12:30,T,2,1,560374,CAAV-F2O43,CÀLCUL AVANÇAT,N,VGA209
2021,1,N21,340026,1,10:30,12:30,T,1,,560372,CAAV-F2O43,CÀLCUL AVANÇAT,N,VGA209
2021,1,N21,340026,3,8:30,10:30,T,,,560375,CAAV-F2O43,CÀLCUL AVANÇAT,N,VGA209
2021,1,N2111,340026,1,8:30,10:30,L,2,2,560218,CAAV-F2O43,CÀLCUL AVANÇAT,N,VGA111
2021,1,N2112,340026,1,10:30,12:30,L,2,2,560219,CAAV-F2O43,CÀLCUL AVANÇAT,N,VGA111
2021,1,E70,340120,1,19:00,21:00,T,1,,560476,AUIN-K5O07,AUTOMATITZACIÓ INDUSTRIAL,E,VGB003
2021,1,E7011,340120,3,18:00,19:00,L,,,560490,AUIN-K5O07,AUTOMATITZACIÓ INDUSTRIAL,E,VGA104
2021,1,E7011,340120,3,19:00,21:00,L,,,560473,AUIN-K5O07,AUTOMATITZACIÓ INDUSTRIAL,E,VGA104
2021,1,E7012,340120,3,17:00,18:00,L,,,560488,AUIN-K5O07,AUTOMATITZACIÓ INDUSTRIAL,E,VGA104
2021,1,E7012,340120,3,15:00,17:00,L,,,560486,AUIN-K5O07,AUTOMATITZACIÓ INDUSTRIAL,E,VGA104
2021,1,E7021,340120,3,10:30,12:30,L,,,560672,AUIN-K5O07,AUTOMATITZACIÓ INDUSTRIAL,E,VGA104
2021,1,E7021,340120,3,9:30,10:30,L,,,560670,AUIN-K5O07,AUTOMATITZACIÓ INDUSTRIAL,E,VGA104
2021,1,I70,340120,1,19:00,21:00,T,1,,560338,AUIN-K5O07,AUTOMATITZACIÓ INDUSTRIAL,I,VGB003
2021,1,I7011,340120,3,18:00,19:00,L,,,560788,AUIN-K5O07,AUTOMATITZACIÓ INDUSTRIAL,I,VGA104
2021,1,I7011,340120,3,19:00,21:00,L,,,560345,AUIN-K5O07,AUTOMATITZACIÓ INDUSTRIAL,I,VGA104
2021,1,I7012,340120,3,17:00,18:00,L,,,560344,AUIN-K5O07,AUTOMATITZACIÓ INDUSTRIAL,I,VGA104
2021,1,I7012,340120,3,15:00,17:00,L,,,560340,AUIN-K5O07,AUTOMATITZACIÓ INDUSTRIAL,I,VGA104
2021,1,I7021,340120,3,10:30,12:30,L,,,560676,AUIN-K5O07,AUTOMATITZACIÓ INDUSTRIAL,I,VGA104
2021,1,I7021,340120,3,9:30,10:30,L,,,560674,AUIN-K5O07,AUTOMATITZACIÓ INDUSTRIAL,I,VGA104
2021,1,K50,340120,1,19:00,21:00,T,1,,560017,AUIN-K5O07,AUTOMATITZACIÓ INDUSTRIAL,K,VGB003
2021,1,K5011,340120,3,19:00,21:00,L,,,560025,AUIN-K5O07,AUTOMATITZACIÓ INDUSTRIAL,K,VGA104
2021,1,K5011,340120,3,18:00,19:00,L,,,560023,AUIN-K5O07,AUTOMATITZACIÓ INDUSTRIAL,K,VGA104
2021,1,K5012,340120,3,17:00,18:00,L,,,560033,AUIN-K5O07,AUTOMATITZACIÓ INDUSTRIAL,K,VGA104
2021,1,K5012,340120,3,15:00,17:00,L,,,560031,AUIN-K5O07,AUTOMATITZACIÓ INDUSTRIAL,K,VGA104
2021,1,K5021,340120,3,10:30,12:30,L,,,560668,AUIN-K5O07,AUTOMATITZACIÓ INDUSTRIAL,K,VGA104
2021,1,K5021,340120,3,9:30,10:30,L,,,560666,AUIN-K5O07,AUTOMATITZACIÓ INDUSTRIAL,K,VGA104
2021,1,M70,340120,1,19:00,21:00,T,1,,560477,AUIN-K5O07,AUTOMATITZACIÓ INDUSTRIAL,M,VGB003
2021,1,M7011,340120,3,18:00,19:00,L,,,560479,AUIN-K5O07,AUTOMATITZACIÓ INDUSTRIAL,M,VGA104
2021,1,M7011,340120,3,19:00,21:00,L,,,560475,AUIN-K5O07,AUTOMATITZACIÓ INDUSTRIAL,M,VGA104
2021,1,M7012,340120,3,17:00,18:00,L,,,560484,AUIN-K5O07,AUTOMATITZACIÓ INDUSTRIAL,M,VGA104
2021,1,M7012,340120,3,15:00,17:00,L,,,560482,AUIN-K5O07,AUTOMATITZACIÓ INDUSTRIAL,M,VGA104
2021,1,M7021,340120,3,10:30,12:30,L,,,560680,AUIN-K5O07,AUTOMATITZACIÓ INDUSTRIAL,M,VGA104
2021,1,M7021,340120,3,9:30,10:30,L,,,560678,AUIN-K5O07,AUTOMATITZACIÓ INDUSTRIAL,M,VGA104
2021,1,I50,340382,1,10:30,12:30,T,1,,559994,ADSO-I5O01,ADMINISTRACIÓ DE SISTEMES OPERATIUS,I,VGA207
2021,1,I50,340382,4,10:30,12:30,T,1,,559996,ADSO-I5O01,ADMINISTRACIÓ DE SISTEMES OPERATIUS,I,VGA210
2021,1,I50,340382,4,8:30,10:30,T,1,,559995,ADSO-I5O01,ADMINISTRACIÓ DE SISTEMES OPERATIUS,I,VGA210
2021,1,I5011,340382,1,8:30,10:30,L,1,,560002,ADSO-I5O01,ADMINISTRACIÓ DE SISTEMES OPERATIUS,I,VGA207
2021,1,I5012,340382,1,8:30,10:30,L,2,,559956,ADSO-I5O01,ADMINISTRACIÓ DE SISTEMES OPERATIUS,I,VGA207